"customer_id","model","fuel_type","vehicle_year","color","purchase_price_inr","city","state","customer_segment"
"BMWC0001","BMW i5","Electric","2023","Silver","12150000","Chennai","Tamil Nadu","Premium"
"BMWC0002","BMW 3 Series","Petrol","2025","Silver","5600000","Pune","Maharashtra","Luxury"
"BMWC0003","BMW i7","Electric","2022","Blue","20650000","Delhi","Delhi","Business"
"BMWC0004","BMW iX1","Electric","2025","Black","6800000","Gurugram","Haryana","Premium"
"BMWC0005","BMW 7 Series","Petrol","2024","Red","19500000","Gurugram","Haryana","Luxury"
"BMWC0006","BMW iX1","Electric","2024","White","6800000","Mumbai","Maharashtra","Business"
"BMWC0007","BMW X1","Petrol","2025","White","5500000","Pune","Maharashtra","Luxury"
"BMWC0008","BMW i7","Electric","2024","Black","21850000","Coimbatore","Tamil Nadu","Luxury"
"BMWC0009","BMW iX","Electric","2024","Red","14600000","Ahmedabad","Gujarat","Executive"
"BMWC0010","BMW iX","Electric","2023","White","14250000","Bengaluru","Karnataka","Executive"
"BMWC0011","BMW i5","Electric","2025","Grey","12100000","Mumbai","Maharashtra","Executive"
"BMWC0012","BMW iX","Electric","2023","White","14900000","Pune","Maharashtra","Business"
"BMWC0013","BMW iX1","Electric","2025","Grey","6850000","Hyderabad","Telangana","Business"
"BMWC0014","BMW 3 Series","Petrol","2023","White","5600000","Pune","Maharashtra","Executive"
"BMWC0015","BMW 3 Series","Petrol","2024","Grey","5900000","Hyderabad","Telangana","Premium"
"BMWC0016","BMW i5","Electric","2024","Black","12350000","Delhi","Delhi","Luxury"
"BMWC0017","BMW iX1","Electric","2023","Black","6800000","Mumbai","Maharashtra","Premium"
"BMWC0018","BMW 3 Series","Petrol","2024","Blue","6350000","Mumbai","Maharashtra","Business"
"BMWC0019","BMW i7","Electric","2023","Black","20650000","Mumbai","Maharashtra","Business"
"BMWC0020","BMW iX1","Electric","2022","Black","7000000","Chennai","Tamil Nadu","Premium"
"BMWC0021","BMW i4","Electric","2025","White","7650000","Gurugram","Haryana","Luxury"
"BMWC0022","BMW i5","Electric","2025","White","12050000","Noida","Uttar Pradesh","Executive"
"BMWC0023","BMW 3 Series","Petrol","2021","Black","6300000","Delhi","Delhi","Premium"
"BMWC0024","BMW 5 Series","Diesel","2026","Red","8050000","Bengaluru","Karnataka","Business"
"BMWC0025","BMW X1","Petrol","2024","Red","5400000","Bengaluru","Karnataka","Business"
"BMWC0026","BMW iX1","Electric","2025","White","6750000","Bengaluru","Karnataka","Executive"
"BMWC0027","BMW iX","Electric","2025","Silver","14350000","Delhi","Delhi","Luxury"
"BMWC0028","BMW iX","Electric","2023","Red","14500000","Gurugram","Haryana","Premium"
"BMWC0029","BMW X7","Petrol","2023","Black","13950000","Pune","Maharashtra","Business"
"BMWC0030","BMW i5","Electric","2023","Grey","12100000","Chennai","Tamil Nadu","Luxury"
"BMWC0031","BMW X1","Petrol","2022","Grey","5800000","Coimbatore","Tamil Nadu","Executive"
"BMWC0032","BMW i4","Electric","2026","Silver","7400000","Kochi","Kerala","Business"
"BMWC0033","BMW i5","Electric","2025","Silver","12450000","Kochi","Kerala","Business"
"BMWC0034","BMW X7","Petrol","2026","White","13500000","Kolkata","West Bengal","Luxury"
"BMWC0035","BMW 5 Series","Petrol","2023","Red","8150000","Chennai","Tamil Nadu","Business"
"BMWC0036","BMW 7 Series","Petrol","2022","Grey","17800000","Kochi","Kerala","Luxury"
"BMWC0037","BMW 3 Series","Diesel","2024","Grey","6400000","Mumbai","Maharashtra","Business"
"BMWC0038","BMW X7","Diesel","2025","White","13850000","Jaipur","Rajasthan","Executive"
"BMWC0039","BMW iX1","Electric","2023","Grey","6850000","Mumbai","Maharashtra","Luxury"
"BMWC0040","BMW X5","Diesel","2025","Blue","9750000","Jaipur","Rajasthan","Luxury"
"BMWC0041","BMW X7","Petrol","2024","Grey","13050000","Hyderabad","Telangana","Premium"
"BMWC0042","BMW X5","Petrol","2024","Grey","10100000","Bengaluru","Karnataka","Business"
"BMWC0043","BMW X1","Diesel","2024","Black","5000000","Hyderabad","Telangana","Premium"
"BMWC0044","BMW i4","Electric","2024","White","7700000","Pune","Maharashtra","Executive"
"BMWC0045","BMW 3 Series","Petrol","2025","Black","6200000","Hyderabad","Telangana","Premium"
"BMWC0046","BMW iX","Electric","2024","Black","14550000","Delhi","Delhi","Business"
"BMWC0047","BMW i7","Electric","2026","Red","21650000","Gurugram","Haryana","Luxury"
"BMWC0048","BMW 3 Series","Diesel","2026","White","6300000","Noida","Uttar Pradesh","Executive"
"BMWC0049","BMW iX","Electric","2025","Grey","14400000","Delhi","Delhi","Business"
"BMWC0050","BMW i5","Electric","2022","Grey","12200000","Noida","Uttar Pradesh","Executive"
"BMWC0051","BMW X3","Diesel","2023","White","7350000","Hyderabad","Telangana","Business"
"BMWC0052","BMW X1","Diesel","2023","Black","5350000","Bengaluru","Karnataka","Executive"
"BMWC0053","BMW i7","Electric","2022","Blue","20000000","Kochi","Kerala","Premium"
"BMWC0054","BMW X5","Diesel","2024","Black","9850000","Bengaluru","Karnataka","Luxury"
"BMWC0055","BMW iX","Electric","2023","White","14900000","Noida","Uttar Pradesh","Premium"
"BMWC0056","BMW 5 Series","Petrol","2022","White","7450000","Mumbai","Maharashtra","Executive"
"BMWC0057","BMW i7","Electric","2023","Grey","20800000","Bengaluru","Karnataka","Luxury"
"BMWC0058","BMW i5","Electric","2022","Grey","12000000","Hyderabad","Telangana","Executive"
"BMWC0059","BMW i7","Electric","2024","Silver","21550000","Hyderabad","Telangana","Premium"
"BMWC0060","BMW 7 Series","Petrol","2026","Blue","18350000","Jaipur","Rajasthan","Business"
"BMWC0061","BMW i5","Electric","2022","Red","12300000","Bengaluru","Karnataka","Business"
"BMWC0062","BMW iX","Electric","2023","Red","14400000","Noida","Uttar Pradesh","Premium"
"BMWC0063","BMW 7 Series","Petrol","2025","Grey","18900000","Ahmedabad","Gujarat","Premium"
"BMWC0064","BMW i5","Electric","2023","Grey","12400000","Coimbatore","Tamil Nadu","Luxury"
"BMWC0065","BMW X7","Diesel","2023","White","14300000","Kolkata","West Bengal","Executive"
"BMWC0066","BMW iX","Electric","2023","White","14000000","Delhi","Delhi","Business"
"BMWC0067","BMW X3","Diesel","2024","Grey","7700000","Kolkata","West Bengal","Business"
"BMWC0068","BMW i7","Electric","2026","Black","20450000","Gurugram","Haryana","Business"
"BMWC0069","BMW 2 Series Gran Coupe","Petrol","2022","Red","4400000","Gurugram","Haryana","Business"
"BMWC0070","BMW X3","Diesel","2021","Grey","7950000","Chandigarh","Chandigarh","Premium"
"BMWC0071","BMW X7","Petrol","2022","White","13100000","Coimbatore","Tamil Nadu","Luxury"
"BMWC0072","BMW 5 Series","Petrol","2024","Grey","8150000","Bengaluru","Karnataka","Premium"
"BMWC0073","BMW iX","Electric","2024","Red","14250000","Hyderabad","Telangana","Executive"
"BMWC0074","BMW 7 Series","Petrol","2022","Black","18250000","Chandigarh","Chandigarh","Premium"
"BMWC0075","BMW i4","Electric","2023","Blue","7800000","Ahmedabad","Gujarat","Premium"
"BMWC0076","BMW i5","Electric","2021","White","12450000","Hyderabad","Telangana","Executive"
"BMWC0077","BMW iX1","Electric","2023","Grey","7000000","Chandigarh","Chandigarh","Luxury"
"BMWC0078","BMW i5","Electric","2024","Silver","12050000","Chandigarh","Chandigarh","Executive"
"BMWC0079","BMW 3 Series","Petrol","2025","Red","6450000","Noida","Uttar Pradesh","Business"
"BMWC0080","BMW 3 Series","Petrol","2023","Red","6350000","Chennai","Tamil Nadu","Luxury"
"BMWC0081","BMW X5","Petrol","2025","Blue","11000000","Chandigarh","Chandigarh","Executive"
"BMWC0082","BMW iX1","Electric","2023","Black","6750000","Chennai","Tamil Nadu","Luxury"
"BMWC0083","BMW 5 Series","Petrol","2023","Black","8100000","Bengaluru","Karnataka","Luxury"
"BMWC0084","BMW iX1","Electric","2022","Blue","6950000","Jaipur","Rajasthan","Executive"
"BMWC0085","BMW 2 Series Gran Coupe","Petrol","2024","Black","4450000","Coimbatore","Tamil Nadu","Luxury"
"BMWC0086","BMW i4","Electric","2024","Grey","7400000","Coimbatore","Tamil Nadu","Business"
"BMWC0087","BMW 3 Series","Petrol","2022","Grey","5700000","Delhi","Delhi","Business"
"BMWC0088","BMW 3 Series","Petrol","2025","Grey","6800000","Chandigarh","Chandigarh","Business"
"BMWC0089","BMW X5","Petrol","2022","Black","10500000","Delhi","Delhi","Premium"
"BMWC0090","BMW i7","Electric","2025","Blue","20150000","Jaipur","Rajasthan","Premium"
"BMWC0091","BMW X1","Diesel","2025","Silver","5800000","Delhi","Delhi","Executive"
"BMWC0092","BMW i4","Electric","2025","Black","7800000","Jaipur","Rajasthan","Executive"
"BMWC0093","BMW X3","Diesel","2022","Red","7900000","Chennai","Tamil Nadu","Business"
"BMWC0094","BMW X7","Diesel","2023","Black","14000000","Mumbai","Maharashtra","Business"
"BMWC0095","BMW i5","Electric","2024","Blue","12300000","Noida","Uttar Pradesh","Executive"
"BMWC0096","BMW 2 Series Gran Coupe","Petrol","2022","Blue","4300000","Gurugram","Haryana","Premium"
"BMWC0097","BMW X7","Diesel","2024","Red","14700000","Mumbai","Maharashtra","Premium"
"BMWC0098","BMW X7","Petrol","2025","Black","14350000","Chandigarh","Chandigarh","Business"
"BMWC0099","BMW i7","Electric","2022","Red","20750000","Bengaluru","Karnataka","Executive"
"BMWC0100","BMW iX","Electric","2025","White","14150000","Bengaluru","Karnataka","Executive"
"BMWC0101","BMW 7 Series","Petrol","2026","Silver","17700000","Ahmedabad","Gujarat","Executive"
"BMWC0102","BMW i5","Electric","2022","Silver","12350000","Mumbai","Maharashtra","Business"
"BMWC0103","BMW X7","Petrol","2023","Red","13200000","Chennai","Tamil Nadu","Luxury"
"BMWC0104","BMW X3","Diesel","2021","Red","7700000","Kolkata","West Bengal","Luxury"
"BMWC0105","BMW i7","Electric","2024","Red","21950000","Noida","Uttar Pradesh","Executive"
"BMWC0106","BMW 3 Series","Diesel","2024","Blue","6200000","Bengaluru","Karnataka","Luxury"
"BMWC0107","BMW X3","Diesel","2025","White","7600000","Kochi","Kerala","Business"
"BMWC0108","BMW iX1","Electric","2023","White","6750000","Chennai","Tamil Nadu","Premium"
"BMWC0109","BMW iX1","Electric","2026","White","6900000","Kochi","Kerala","Business"
"BMWC0110","BMW X3","Petrol","2023","White","8200000","Noida","Uttar Pradesh","Business"
"BMWC0111","BMW X7","Diesel","2024","Black","14650000","Jaipur","Rajasthan","Premium"
"BMWC0112","BMW i7","Electric","2026","White","20500000","Hyderabad","Telangana","Premium"
"BMWC0113","BMW X5","Petrol","2024","Red","10450000","Gurugram","Haryana","Luxury"
"BMWC0114","BMW 2 Series Gran Coupe","Diesel","2025","Black","4500000","Chandigarh","Chandigarh","Luxury"
"BMWC0115","BMW iX1","Electric","2023","Black","6800000","Bengaluru","Karnataka","Premium"
"BMWC0116","BMW i5","Electric","2023","Silver","12300000","Coimbatore","Tamil Nadu","Premium"
"BMWC0117","BMW X5","Diesel","2024","Red","10850000","Chennai","Tamil Nadu","Executive"
"BMWC0118","BMW 5 Series","Petrol","2023","Red","8500000","Delhi","Delhi","Premium"
"BMWC0119","BMW i7","Electric","2023","Grey","20100000","Chennai","Tamil Nadu","Premium"
"BMWC0120","BMW iX","Electric","2026","Red","14050000","Hyderabad","Telangana","Executive"
"BMWC0121","BMW 5 Series","Diesel","2024","Silver","8450000","Coimbatore","Tamil Nadu","Executive"
"BMWC0122","BMW X3","Petrol","2025","Blue","7450000","Bengaluru","Karnataka","Executive"
"BMWC0123","BMW i4","Electric","2026","Black","7200000","Hyderabad","Telangana","Business"
"BMWC0124","BMW 2 Series Gran Coupe","Petrol","2026","Blue","4850000","Bengaluru","Karnataka","Premium"
"BMWC0125","BMW i4","Electric","2024","Silver","7450000","Kolkata","West Bengal","Premium"
"BMWC0126","BMW X1","Diesel","2022","Red","5450000","Coimbatore","Tamil Nadu","Executive"
"BMWC0127","BMW i5","Electric","2025","Blue","12400000","Coimbatore","Tamil Nadu","Luxury"
"BMWC0128","BMW iX","Electric","2022","Silver","14550000","Pune","Maharashtra","Executive"
"BMWC0129","BMW X5","Diesel","2026","Red","11000000","Kolkata","West Bengal","Luxury"
"BMWC0130","BMW iX","Electric","2022","Blue","14150000","Gurugram","Haryana","Executive"
"BMWC0131","BMW 7 Series","Petrol","2023","White","19450000","Mumbai","Maharashtra","Premium"
"BMWC0132","BMW 2 Series Gran Coupe","Petrol","2026","Grey","4700000","Chennai","Tamil Nadu","Executive"
"BMWC0133","BMW X7","Petrol","2024","Grey","13950000","Jaipur","Rajasthan","Luxury"
"BMWC0134","BMW X3","Diesel","2024","Blue","7200000","Coimbatore","Tamil Nadu","Luxury"
"BMWC0135","BMW 3 Series","Petrol","2025","Red","6250000","Hyderabad","Telangana","Luxury"
"BMWC0136","BMW X7","Diesel","2024","Silver","13050000","Noida","Uttar Pradesh","Premium"
"BMWC0137","BMW X1","Diesel","2025","Red","5750000","Ahmedabad","Gujarat","Executive"
"BMWC0138","BMW 2 Series Gran Coupe","Diesel","2025","Blue","4600000","Chennai","Tamil Nadu","Premium"
"BMWC0139","BMW X5","Diesel","2025","Black","10850000","Jaipur","Rajasthan","Executive"
"BMWC0140","BMW iX","Electric","2022","Red","14950000","Kolkata","West Bengal","Executive"
"BMWC0141","BMW iX1","Electric","2023","Blue","6850000","Coimbatore","Tamil Nadu","Business"
"BMWC0142","BMW X1","Petrol","2025","White","5750000","Coimbatore","Tamil Nadu","Premium"
"BMWC0143","BMW 7 Series","Petrol","2024","Red","17950000","Noida","Uttar Pradesh","Luxury"
"BMWC0144","BMW iX1","Electric","2025","Silver","6850000","Kolkata","West Bengal","Executive"
"BMWC0145","BMW i4","Electric","2023","Red","7600000","Pune","Maharashtra","Business"
"BMWC0146","BMW X3","Diesel","2025","Blue","8050000","Hyderabad","Telangana","Premium"
"BMWC0147","BMW X3","Diesel","2026","White","7750000","Kochi","Kerala","Luxury"
"BMWC0148","BMW 7 Series","Petrol","2023","Red","19500000","Kochi","Kerala","Luxury"
"BMWC0149","BMW X5","Diesel","2022","White","10600000","Noida","Uttar Pradesh","Business"
"BMWC0150","BMW 5 Series","Petrol","2025","Silver","7950000","Chandigarh","Chandigarh","Executive"
"BMWC0151","BMW X7","Diesel","2024","Red","13850000","Mumbai","Maharashtra","Executive"
"BMWC0152","BMW iX","Electric","2025","Silver","14300000","Ahmedabad","Gujarat","Business"
"BMWC0153","BMW i5","Electric","2024","Blue","12250000","Mumbai","Maharashtra","Premium"
"BMWC0154","BMW X1","Diesel","2022","Red","5150000","Coimbatore","Tamil Nadu","Executive"
"BMWC0155","BMW X3","Petrol","2024","Grey","7200000","Pune","Maharashtra","Premium"
"BMWC0156","BMW iX1","Electric","2023","Silver","6700000","Kolkata","West Bengal","Executive"
"BMWC0157","BMW iX1","Electric","2023","White","6950000","Bengaluru","Karnataka","Premium"
"BMWC0158","BMW iX1","Electric","2026","Black","6700000","Kochi","Kerala","Premium"
"BMWC0159","BMW iX1","Electric","2022","Blue","6800000","Bengaluru","Karnataka","Business"
"BMWC0160","BMW X5","Petrol","2025","Silver","10100000","Kochi","Kerala","Luxury"
"BMWC0161","BMW 2 Series Gran Coupe","Petrol","2025","Blue","4950000","Hyderabad","Telangana","Premium"
"BMWC0162","BMW 2 Series Gran Coupe","Diesel","2023","White","4600000","Ahmedabad","Gujarat","Business"
"BMWC0163","BMW 7 Series","Petrol","2022","Red","19100000","Jaipur","Rajasthan","Executive"
"BMWC0164","BMW 5 Series","Petrol","2022","Silver","7250000","Gurugram","Haryana","Executive"
"BMWC0165","BMW i5","Electric","2023","White","12300000","Jaipur","Rajasthan","Luxury"
"BMWC0166","BMW iX","Electric","2024","Red","14650000","Chennai","Tamil Nadu","Executive"
"BMWC0167","BMW 3 Series","Petrol","2024","Red","6650000","Chennai","Tamil Nadu","Luxury"
"BMWC0168","BMW X3","Diesel","2023","Red","8150000","Chennai","Tamil Nadu","Luxury"
"BMWC0169","BMW iX1","Electric","2024","Grey","6850000","Jaipur","Rajasthan","Business"
"BMWC0170","BMW iX","Electric","2023","Silver","14650000","Pune","Maharashtra","Luxury"
"BMWC0171","BMW 7 Series","Petrol","2025","Red","18250000","Pune","Maharashtra","Luxury"
"BMWC0172","BMW i7","Electric","2025","Black","21700000","Mumbai","Maharashtra","Premium"
"BMWC0173","BMW iX","Electric","2025","Black","14350000","Gurugram","Haryana","Business"
"BMWC0174","BMW 2 Series Gran Coupe","Petrol","2024","Silver","4300000","Kolkata","West Bengal","Premium"
"BMWC0175","BMW 3 Series","Petrol","2025","Grey","6400000","Pune","Maharashtra","Luxury"
"BMWC0176","BMW i7","Electric","2026","Grey","20250000","Hyderabad","Telangana","Business"
"BMWC0177","BMW 2 Series Gran Coupe","Petrol","2022","Silver","5050000","Coimbatore","Tamil Nadu","Luxury"
"BMWC0178","BMW i7","Electric","2022","Black","20850000","Hyderabad","Telangana","Luxury"
"BMWC0179","BMW iX","Electric","2022","Grey","14900000","Bengaluru","Karnataka","Premium"
"BMWC0180","BMW iX1","Electric","2024","Blue","6750000","Chennai","Tamil Nadu","Executive"
"BMWC0181","BMW iX","Electric","2023","Silver","14850000","Noida","Uttar Pradesh","Premium"
"BMWC0182","BMW 3 Series","Diesel","2025","Black","6850000","Mumbai","Maharashtra","Executive"
"BMWC0183","BMW iX","Electric","2022","Black","14250000","Bengaluru","Karnataka","Premium"
"BMWC0184","BMW i4","Electric","2022","Silver","7400000","Chandigarh","Chandigarh","Business"
"BMWC0185","BMW 5 Series","Petrol","2023","Black","7950000","Hyderabad","Telangana","Luxury"
"BMWC0186","BMW i7","Electric","2022","Grey","21450000","Ahmedabad","Gujarat","Executive"
"BMWC0187","BMW X5","Petrol","2024","Silver","10300000","Hyderabad","Telangana","Business"
"BMWC0188","BMW X1","Diesel","2025","Red","5300000","Delhi","Delhi","Luxury"
"BMWC0189","BMW X7","Diesel","2022","Red","14300000","Chandigarh","Chandigarh","Premium"
"BMWC0190","BMW X7","Diesel","2023","Silver","14600000","Ahmedabad","Gujarat","Luxury"
"BMWC0191","BMW i5","Electric","2025","Grey","12000000","Mumbai","Maharashtra","Premium"
"BMWC0192","BMW X1","Petrol","2025","Red","5900000","Kolkata","West Bengal","Premium"
"BMWC0193","BMW X7","Petrol","2022","Grey","13350000","Hyderabad","Telangana","Premium"
"BMWC0194","BMW X7","Diesel","2023","Red","13100000","Delhi","Delhi","Luxury"
"BMWC0195","BMW iX1","Electric","2024","Grey","6850000","Delhi","Delhi","Luxury"
"BMWC0196","BMW X7","Diesel","2025","Black","13650000","Gurugram","Haryana","Executive"
"BMWC0197","BMW 7 Series","Petrol","2025","Silver","19050000","Bengaluru","Karnataka","Executive"
"BMWC0198","BMW X7","Petrol","2025","Blue","13950000","Chandigarh","Chandigarh","Executive"
"BMWC0199","BMW i7","Electric","2024","Red","21900000","Kolkata","West Bengal","Luxury"
"BMWC0200","BMW X7","Diesel","2022","White","14400000","Mumbai","Maharashtra","Business"
"BMWC0201","BMW X5","Diesel","2024","Black","11250000","Gurugram","Haryana","Executive"
"BMWC0202","BMW 5 Series","Diesel","2025","Silver","8000000","Ahmedabad","Gujarat","Business"
"BMWC0203","BMW iX1","Electric","2025","Blue","7000000","Gurugram","Haryana","Business"
"BMWC0204","BMW 3 Series","Petrol","2025","Black","6150000","Pune","Maharashtra","Executive"
"BMWC0205","BMW i4","Electric","2022","White","7400000","Delhi","Delhi","Executive"
"BMWC0206","BMW i5","Electric","2023","White","12100000","Coimbatore","Tamil Nadu","Business"
"BMWC0207","BMW X5","Diesel","2026","Grey","9950000","Bengaluru","Karnataka","Premium"
"BMWC0208","BMW iX","Electric","2025","Grey","14550000","Coimbatore","Tamil Nadu","Executive"
"BMWC0209","BMW X3","Petrol","2026","Black","7500000","Ahmedabad","Gujarat","Business"
"BMWC0210","BMW X7","Petrol","2025","Black","13400000","Gurugram","Haryana","Luxury"
"BMWC0211","BMW 2 Series Gran Coupe","Diesel","2026","Black","4650000","Kochi","Kerala","Luxury"
"BMWC0212","BMW iX1","Electric","2025","White","6800000","Chennai","Tamil Nadu","Premium"
"BMWC0213","BMW 3 Series","Diesel","2022","Black","6200000","Delhi","Delhi","Executive"
"BMWC0214","BMW i7","Electric","2023","Silver","21950000","Kochi","Kerala","Business"
"BMWC0215","BMW X3","Petrol","2025","Red","7100000","Pune","Maharashtra","Luxury"
"BMWC0216","BMW i7","Electric","2022","Silver","20750000","Hyderabad","Telangana","Executive"
"BMWC0217","BMW 5 Series","Diesel","2024","Black","7750000","Chandigarh","Chandigarh","Executive"
"BMWC0218","BMW 7 Series","Petrol","2024","Black","18400000","Chennai","Tamil Nadu","Premium"
"BMWC0219","BMW X1","Petrol","2026","Blue","5200000","Kolkata","West Bengal","Luxury"
"BMWC0220","BMW 2 Series Gran Coupe","Petrol","2022","Black","5000000","Bengaluru","Karnataka","Luxury"
"BMWC0221","BMW i7","Electric","2023","Red","21650000","Mumbai","Maharashtra","Executive"
"BMWC0222","BMW iX","Electric","2022","Grey","14400000","Hyderabad","Telangana","Luxury"
"BMWC0223","BMW X1","Petrol","2026","White","5150000","Ahmedabad","Gujarat","Executive"
"BMWC0224","BMW X5","Petrol","2024","Black","11000000","Mumbai","Maharashtra","Premium"
"BMWC0225","BMW 5 Series","Petrol","2022","Black","7800000","Jaipur","Rajasthan","Executive"
"BMWC0226","BMW 7 Series","Petrol","2025","Red","19450000","Ahmedabad","Gujarat","Premium"
"BMWC0227","BMW X5","Petrol","2023","Black","9700000","Pune","Maharashtra","Luxury"
"BMWC0228","BMW X5","Diesel","2024","Red","10550000","Chennai","Tamil Nadu","Premium"
"BMWC0229","BMW i4","Electric","2025","Blue","7500000","Kolkata","West Bengal","Business"
"BMWC0230","BMW i7","Electric","2023","White","20700000","Delhi","Delhi","Business"
"BMWC0231","BMW X7","Diesel","2025","White","14100000","Gurugram","Haryana","Premium"
"BMWC0232","BMW 7 Series","Petrol","2025","Black","18250000","Mumbai","Maharashtra","Luxury"
"BMWC0233","BMW 3 Series","Diesel","2022","Blue","5600000","Bengaluru","Karnataka","Executive"
"BMWC0234","BMW 3 Series","Petrol","2025","White","6300000","Bengaluru","Karnataka","Business"
"BMWC0235","BMW X7","Petrol","2024","Black","13550000","Gurugram","Haryana","Executive"
"BMWC0236","BMW X7","Diesel","2022","White","13250000","Kolkata","West Bengal","Executive"
"BMWC0237","BMW X7","Diesel","2024","Blue","14000000","Delhi","Delhi","Executive"
"BMWC0238","BMW iX","Electric","2022","Silver","14350000","Mumbai","Maharashtra","Luxury"
"BMWC0239","BMW 5 Series","Petrol","2026","Silver","8350000","Ahmedabad","Gujarat","Luxury"
"BMWC0240","BMW iX","Electric","2022","Grey","14750000","Kolkata","West Bengal","Luxury"
"BMWC0241","BMW iX","Electric","2022","Silver","14500000","Delhi","Delhi","Executive"
"BMWC0242","BMW i7","Electric","2023","Red","20950000","Ahmedabad","Gujarat","Executive"
"BMWC0243","BMW 7 Series","Petrol","2025","Silver","18400000","Gurugram","Haryana","Executive"
"BMWC0244","BMW iX","Electric","2022","Red","14750000","Kochi","Kerala","Executive"
"BMWC0245","BMW X7","Petrol","2023","Grey","13200000","Hyderabad","Telangana","Business"
"BMWC0246","BMW X7","Diesel","2024","White","13300000","Delhi","Delhi","Premium"
"BMWC0247","BMW X1","Petrol","2022","Black","5100000","Delhi","Delhi","Business"
"BMWC0248","BMW i7","Electric","2022","Red","21900000","Gurugram","Haryana","Executive"
"BMWC0249","BMW X1","Petrol","2024","Black","5900000","Bengaluru","Karnataka","Business"
"BMWC0250","BMW 7 Series","Petrol","2022","Grey","19500000","Chennai","Tamil Nadu","Executive"
"BMWC0251","BMW 3 Series","Diesel","2024","Blue","6150000","Mumbai","Maharashtra","Premium"
"BMWC0252","BMW 3 Series","Diesel","2024","Grey","6800000","Jaipur","Rajasthan","Luxury"
"BMWC0253","BMW X7","Diesel","2026","White","13100000","Bengaluru","Karnataka","Luxury"
"BMWC0254","BMW 5 Series","Petrol","2022","Silver","7250000","Jaipur","Rajasthan","Premium"
"BMWC0255","BMW 3 Series","Diesel","2025","Silver","6100000","Kolkata","West Bengal","Business"
"BMWC0256","BMW 5 Series","Petrol","2025","Silver","8400000","Ahmedabad","Gujarat","Executive"
"BMWC0257","BMW X5","Diesel","2024","Black","9800000","Ahmedabad","Gujarat","Luxury"
"BMWC0258","BMW 2 Series Gran Coupe","Diesel","2022","White","4800000","Hyderabad","Telangana","Business"
"BMWC0259","BMW iX","Electric","2024","Silver","15000000","Hyderabad","Telangana","Luxury"
"BMWC0260","BMW 3 Series","Diesel","2024","Black","5800000","Coimbatore","Tamil Nadu","Business"
"BMWC0261","BMW 2 Series Gran Coupe","Diesel","2023","White","4850000","Coimbatore","Tamil Nadu","Business"
"BMWC0262","BMW 5 Series","Diesel","2023","Blue","7750000","Ahmedabad","Gujarat","Premium"
"BMWC0263","BMW 5 Series","Petrol","2025","Grey","7550000","Chandigarh","Chandigarh","Luxury"
"BMWC0264","BMW i4","Electric","2025","Blue","7800000","Pune","Maharashtra","Luxury"
"BMWC0265","BMW X7","Diesel","2026","Silver","14950000","Kochi","Kerala","Premium"
"BMWC0266","BMW X7","Petrol","2024","White","14000000","Delhi","Delhi","Luxury"
"BMWC0267","BMW 2 Series Gran Coupe","Diesel","2024","Grey","4500000","Kochi","Kerala","Premium"
"BMWC0268","BMW i4","Electric","2022","Silver","7700000","Delhi","Delhi","Luxury"
"BMWC0269","BMW X1","Petrol","2026","White","5400000","Noida","Uttar Pradesh","Executive"
"BMWC0270","BMW X3","Diesel","2024","Grey","7150000","Ahmedabad","Gujarat","Premium"
"BMWC0271","BMW i5","Electric","2024","White","12000000","Kolkata","West Bengal","Luxury"
"BMWC0272","BMW iX","Electric","2025","Silver","14250000","Noida","Uttar Pradesh","Premium"
"BMWC0273","BMW 5 Series","Diesel","2024","Black","7850000","Kochi","Kerala","Luxury"
"BMWC0274","BMW 2 Series Gran Coupe","Petrol","2023","Black","4850000","Kochi","Kerala","Executive"
"BMWC0275","BMW X7","Diesel","2022","Black","14050000","Gurugram","Haryana","Luxury"
"BMWC0276","BMW 7 Series","Petrol","2022","Silver","17850000","Ahmedabad","Gujarat","Premium"
"BMWC0277","BMW i5","Electric","2022","White","12050000","Kochi","Kerala","Business"
"BMWC0278","BMW i5","Electric","2023","Blue","12450000","Kochi","Kerala","Business"
"BMWC0279","BMW 7 Series","Petrol","2024","White","18100000","Jaipur","Rajasthan","Luxury"
"BMWC0280","BMW 2 Series Gran Coupe","Petrol","2022","Blue","5050000","Kochi","Kerala","Executive"
"BMWC0281","BMW X1","Diesel","2026","Grey","5250000","Chennai","Tamil Nadu","Premium"
"BMWC0282","BMW 2 Series Gran Coupe","Petrol","2022","Blue","4800000","Kochi","Kerala","Premium"
"BMWC0283","BMW X5","Diesel","2024","White","11200000","Noida","Uttar Pradesh","Business"
"BMWC0284","BMW iX","Electric","2023","Grey","14550000","Mumbai","Maharashtra","Business"
"BMWC0285","BMW X7","Petrol","2025","Red","14000000","Bengaluru","Karnataka","Executive"
"BMWC0286","BMW iX1","Electric","2026","Silver","6750000","Gurugram","Haryana","Luxury"
"BMWC0287","BMW iX1","Electric","2021","White","6700000","Chandigarh","Chandigarh","Luxury"
"BMWC0288","BMW 3 Series","Diesel","2023","Black","5700000","Noida","Uttar Pradesh","Premium"
"BMWC0289","BMW iX1","Electric","2026","Blue","6900000","Chandigarh","Chandigarh","Luxury"
"BMWC0290","BMW X7","Diesel","2025","Black","14500000","Kolkata","West Bengal","Executive"
"BMWC0291","BMW iX1","Electric","2022","Blue","6750000","Coimbatore","Tamil Nadu","Premium"
"BMWC0292","BMW X5","Petrol","2025","Black","10750000","Noida","Uttar Pradesh","Luxury"
"BMWC0293","BMW X7","Petrol","2025","Red","14350000","Kolkata","West Bengal","Luxury"
"BMWC0294","BMW 3 Series","Diesel","2024","Blue","6100000","Kochi","Kerala","Executive"
"BMWC0295","BMW X7","Petrol","2024","Red","14600000","Mumbai","Maharashtra","Luxury"
"BMWC0296","BMW i4","Electric","2025","Red","7300000","Kochi","Kerala","Business"
"BMWC0297","BMW i4","Electric","2023","White","7500000","Kochi","Kerala","Executive"
"BMWC0298","BMW i5","Electric","2025","Silver","12200000","Mumbai","Maharashtra","Business"
"BMWC0299","BMW 7 Series","Petrol","2021","Black","18700000","Coimbatore","Tamil Nadu","Executive"
"BMWC0300","BMW 7 Series","Petrol","2025","Blue","18650000","Chandigarh","Chandigarh","Premium"
"BMWC0301","BMW 5 Series","Petrol","2022","Blue","7800000","Coimbatore","Tamil Nadu","Business"
"BMWC0302","BMW i7","Electric","2023","Grey","21900000","Chennai","Tamil Nadu","Executive"
"BMWC0303","BMW iX1","Electric","2022","White","7000000","Mumbai","Maharashtra","Executive"
"BMWC0304","BMW X3","Diesel","2026","Black","7950000","Hyderabad","Telangana","Luxury"
"BMWC0305","BMW i5","Electric","2023","Blue","12300000","Chennai","Tamil Nadu","Premium"
"BMWC0306","BMW X1","Petrol","2022","White","5150000","Delhi","Delhi","Business"
"BMWC0307","BMW 3 Series","Petrol","2026","Grey","6800000","Kolkata","West Bengal","Premium"
"BMWC0308","BMW 3 Series","Petrol","2025","Grey","5700000","Mumbai","Maharashtra","Business"
"BMWC0309","BMW i5","Electric","2025","Blue","12450000","Kolkata","West Bengal","Executive"
"BMWC0310","BMW i4","Electric","2024","Silver","7500000","Hyderabad","Telangana","Luxury"
"BMWC0311","BMW X1","Diesel","2025","Black","5200000","Chennai","Tamil Nadu","Executive"
"BMWC0312","BMW 7 Series","Petrol","2022","Black","18000000","Kochi","Kerala","Premium"
"BMWC0313","BMW X1","Petrol","2023","Black","5900000","Hyderabad","Telangana","Premium"
"BMWC0314","BMW 7 Series","Petrol","2023","Blue","19450000","Noida","Uttar Pradesh","Premium"
"BMWC0315","BMW X3","Petrol","2025","Grey","8150000","Jaipur","Rajasthan","Executive"
"BMWC0316","BMW iX","Electric","2021","White","14250000","Noida","Uttar Pradesh","Premium"
"BMWC0317","BMW i7","Electric","2025","Silver","20050000","Chennai","Tamil Nadu","Business"
"BMWC0318","BMW i5","Electric","2023","Silver","12450000","Delhi","Delhi","Luxury"
"BMWC0319","BMW iX","Electric","2022","Blue","14700000","Jaipur","Rajasthan","Business"
"BMWC0320","BMW 7 Series","Petrol","2023","Black","17600000","Hyderabad","Telangana","Executive"
"BMWC0321","BMW 3 Series","Diesel","2025","Silver","6450000","Chandigarh","Chandigarh","Luxury"
"BMWC0322","BMW iX1","Electric","2024","White","7000000","Delhi","Delhi","Executive"
"BMWC0323","BMW 7 Series","Petrol","2024","Red","19400000","Mumbai","Maharashtra","Business"
"BMWC0324","BMW X7","Petrol","2025","Red","14300000","Ahmedabad","Gujarat","Luxury"
"BMWC0325","BMW 2 Series Gran Coupe","Petrol","2024","Black","4900000","Hyderabad","Telangana","Business"
"BMWC0326","BMW X7","Petrol","2025","White","13450000","Pune","Maharashtra","Premium"
"BMWC0327","BMW 7 Series","Petrol","2022","Silver","17550000","Gurugram","Haryana","Business"
"BMWC0328","BMW i4","Electric","2024","Black","7800000","Jaipur","Rajasthan","Business"
"BMWC0329","BMW X3","Petrol","2024","Black","7350000","Coimbatore","Tamil Nadu","Executive"
"BMWC0330","BMW X7","Petrol","2023","Silver","14900000","Chandigarh","Chandigarh","Premium"
"BMWC0331","BMW X5","Petrol","2024","Grey","10850000","Coimbatore","Tamil Nadu","Executive"
"BMWC0332","BMW i5","Electric","2024","Blue","12400000","Jaipur","Rajasthan","Business"
"BMWC0333","BMW i7","Electric","2022","Blue","20700000","Chandigarh","Chandigarh","Business"
"BMWC0334","BMW i5","Electric","2026","Blue","12100000","Jaipur","Rajasthan","Premium"
"BMWC0335","BMW i7","Electric","2025","Red","21650000","Gurugram","Haryana","Premium"
"BMWC0336","BMW 7 Series","Petrol","2026","Blue","19400000","Pune","Maharashtra","Premium"
"BMWC0337","BMW 5 Series","Petrol","2023","Black","8250000","Hyderabad","Telangana","Executive"
"BMWC0338","BMW X3","Diesel","2023","Silver","7700000","Pune","Maharashtra","Executive"
"BMWC0339","BMW X3","Petrol","2022","White","7850000","Jaipur","Rajasthan","Business"
"BMWC0340","BMW i4","Electric","2023","Grey","7250000","Noida","Uttar Pradesh","Premium"
"BMWC0341","BMW i7","Electric","2022","Silver","21250000","Pune","Maharashtra","Luxury"
"BMWC0342","BMW X7","Petrol","2023","Black","13650000","Pune","Maharashtra","Business"
"BMWC0343","BMW i4","Electric","2021","Blue","7550000","Jaipur","Rajasthan","Executive"
"BMWC0344","BMW X5","Petrol","2021","Blue","9850000","Jaipur","Rajasthan","Luxury"
"BMWC0345","BMW X7","Petrol","2024","Blue","14000000","Coimbatore","Tamil Nadu","Executive"
"BMWC0346","BMW 7 Series","Petrol","2023","Blue","18650000","Noida","Uttar Pradesh","Business"
"BMWC0347","BMW 5 Series","Petrol","2023","White","8500000","Ahmedabad","Gujarat","Luxury"
"BMWC0348","BMW X7","Petrol","2024","Blue","13400000","Mumbai","Maharashtra","Premium"
"BMWC0349","BMW i7","Electric","2026","Blue","20800000","Chennai","Tamil Nadu","Executive"
"BMWC0350","BMW X3","Petrol","2023","Blue","8050000","Gurugram","Haryana","Business"
"BMWC0351","BMW iX","Electric","2024","Grey","14450000","Bengaluru","Karnataka","Premium"
"BMWC0352","BMW 5 Series","Diesel","2023","Blue","8200000","Pune","Maharashtra","Luxury"
"BMWC0353","BMW 5 Series","Petrol","2025","Black","7600000","Mumbai","Maharashtra","Premium"
"BMWC0354","BMW 2 Series Gran Coupe","Diesel","2021","White","4700000","Kolkata","West Bengal","Executive"
"BMWC0355","BMW X7","Petrol","2021","Blue","13050000","Mumbai","Maharashtra","Luxury"
"BMWC0356","BMW i4","Electric","2025","Silver","7500000","Kochi","Kerala","Business"
"BMWC0357","BMW X1","Diesel","2022","Grey","5450000","Gurugram","Haryana","Business"
"BMWC0358","BMW iX","Electric","2026","Grey","14650000","Hyderabad","Telangana","Luxury"
"BMWC0359","BMW 5 Series","Diesel","2023","Red","7600000","Chandigarh","Chandigarh","Executive"
"BMWC0360","BMW X5","Petrol","2023","Grey","10100000","Chandigarh","Chandigarh","Premium"
"BMWC0361","BMW 5 Series","Petrol","2023","Black","7350000","Kolkata","West Bengal","Business"
"BMWC0362","BMW 7 Series","Petrol","2026","Black","19050000","Gurugram","Haryana","Premium"
"BMWC0363","BMW iX1","Electric","2022","Grey","7000000","Mumbai","Maharashtra","Premium"
"BMWC0364","BMW 7 Series","Petrol","2023","Red","18150000","Coimbatore","Tamil Nadu","Business"
"BMWC0365","BMW i5","Electric","2022","White","12500000","Pune","Maharashtra","Premium"
"BMWC0366","BMW X5","Petrol","2025","Red","11200000","Chennai","Tamil Nadu","Premium"
"BMWC0367","BMW 2 Series Gran Coupe","Diesel","2024","Grey","4450000","Kochi","Kerala","Business"
"BMWC0368","BMW X3","Petrol","2024","White","8100000","Hyderabad","Telangana","Business"
"BMWC0369","BMW X1","Petrol","2022","Grey","5700000","Bengaluru","Karnataka","Executive"
"BMWC0370","BMW iX","Electric","2025","Silver","14850000","Delhi","Delhi","Business"
"BMWC0371","BMW i5","Electric","2024","Black","12500000","Bengaluru","Karnataka","Premium"
"BMWC0372","BMW 2 Series Gran Coupe","Diesel","2024","Red","4700000","Kochi","Kerala","Business"
"BMWC0373","BMW iX","Electric","2026","Black","14650000","Delhi","Delhi","Premium"
"BMWC0374","BMW 7 Series","Petrol","2024","Silver","18700000","Bengaluru","Karnataka","Premium"
"BMWC0375","BMW iX","Electric","2025","Red","14650000","Kochi","Kerala","Business"
"BMWC0376","BMW X3","Diesel","2024","Silver","7650000","Kolkata","West Bengal","Executive"
"BMWC0377","BMW X3","Diesel","2022","Black","8150000","Noida","Uttar Pradesh","Luxury"
"BMWC0378","BMW X3","Petrol","2025","Black","7400000","Jaipur","Rajasthan","Luxury"
"BMWC0379","BMW 5 Series","Diesel","2023","Red","7550000","Delhi","Delhi","Executive"
"BMWC0380","BMW iX","Electric","2026","Grey","14900000","Mumbai","Maharashtra","Executive"
"BMWC0381","BMW X3","Diesel","2026","Black","7350000","Gurugram","Haryana","Premium"
"BMWC0382","BMW X3","Petrol","2024","Silver","7350000","Delhi","Delhi","Business"
"BMWC0383","BMW X1","Diesel","2023","Grey","5100000","Mumbai","Maharashtra","Luxury"
"BMWC0384","BMW iX","Electric","2023","White","14750000","Noida","Uttar Pradesh","Executive"
"BMWC0385","BMW iX","Electric","2025","Blue","14100000","Delhi","Delhi","Luxury"
"BMWC0386","BMW X3","Diesel","2024","Black","7050000","Ahmedabad","Gujarat","Luxury"
"BMWC0387","BMW X1","Petrol","2026","White","5150000","Delhi","Delhi","Executive"
"BMWC0388","BMW iX1","Electric","2025","Black","6950000","Ahmedabad","Gujarat","Executive"
"BMWC0389","BMW 2 Series Gran Coupe","Diesel","2022","Blue","4900000","Kochi","Kerala","Business"
"BMWC0390","BMW iX1","Electric","2024","Black","6900000","Delhi","Delhi","Executive"
"BMWC0391","BMW X3","Diesel","2022","Black","7550000","Gurugram","Haryana","Premium"
"BMWC0392","BMW iX1","Electric","2023","Red","6850000","Pune","Maharashtra","Luxury"
"BMWC0393","BMW i4","Electric","2025","Red","7450000","Gurugram","Haryana","Executive"
"BMWC0394","BMW i7","Electric","2025","White","21800000","Gurugram","Haryana","Premium"
"BMWC0395","BMW iX","Electric","2023","White","14700000","Gurugram","Haryana","Executive"
"BMWC0396","BMW i4","Electric","2023","Silver","7700000","Ahmedabad","Gujarat","Executive"
"BMWC0397","BMW 5 Series","Diesel","2022","Grey","7450000","Noida","Uttar Pradesh","Luxury"
"BMWC0398","BMW iX","Electric","2023","Black","14950000","Bengaluru","Karnataka","Executive"
"BMWC0399","BMW X5","Petrol","2024","Silver","11150000","Kolkata","West Bengal","Premium"
"BMWC0400","BMW 7 Series","Petrol","2023","White","18400000","Noida","Uttar Pradesh","Business"
"BMWC0401","BMW 3 Series","Petrol","2025","Silver","6450000","Mumbai","Maharashtra","Premium"
"BMWC0402","BMW X1","Diesel","2025","Black","5250000","Coimbatore","Tamil Nadu","Luxury"
"BMWC0403","BMW X5","Diesel","2023","Grey","11500000","Chennai","Tamil Nadu","Business"
"BMWC0404","BMW X1","Petrol","2023","Silver","5000000","Bengaluru","Karnataka","Business"
"BMWC0405","BMW 7 Series","Petrol","2024","Blue","18950000","Ahmedabad","Gujarat","Luxury"
"BMWC0406","BMW 5 Series","Petrol","2022","Black","7400000","Kochi","Kerala","Luxury"
"BMWC0407","BMW 5 Series","Diesel","2025","Blue","8300000","Ahmedabad","Gujarat","Executive"
"BMWC0408","BMW X3","Diesel","2026","Blue","7650000","Gurugram","Haryana","Luxury"
"BMWC0409","BMW i7","Electric","2022","Grey","21800000","Ahmedabad","Gujarat","Executive"
"BMWC0410","BMW 5 Series","Diesel","2024","Black","7950000","Kolkata","West Bengal","Premium"
"BMWC0411","BMW i7","Electric","2024","Red","21300000","Jaipur","Rajasthan","Executive"
"BMWC0412","BMW X1","Petrol","2024","Red","5850000","Hyderabad","Telangana","Luxury"
"BMWC0413","BMW X3","Diesel","2024","Blue","7050000","Kochi","Kerala","Premium"
"BMWC0414","BMW iX1","Electric","2023","Black","6900000","Ahmedabad","Gujarat","Premium"
"BMWC0415","BMW X3","Diesel","2022","Red","7900000","Kochi","Kerala","Premium"
"BMWC0416","BMW X1","Diesel","2023","Black","5550000","Bengaluru","Karnataka","Luxury"
"BMWC0417","BMW 3 Series","Diesel","2025","Blue","6350000","Kolkata","West Bengal","Premium"
"BMWC0418","BMW iX1","Electric","2023","Black","6850000","Pune","Maharashtra","Premium"
"BMWC0419","BMW 3 Series","Diesel","2026","Grey","6050000","Chennai","Tamil Nadu","Luxury"
"BMWC0420","BMW 5 Series","Diesel","2025","White","8050000","Bengaluru","Karnataka","Luxury"
"BMWC0421","BMW 5 Series","Petrol","2023","Black","8050000","Hyderabad","Telangana","Premium"
"BMWC0422","BMW X5","Diesel","2025","Black","11100000","Mumbai","Maharashtra","Luxury"
"BMWC0423","BMW 3 Series","Diesel","2023","Blue","6650000","Bengaluru","Karnataka","Luxury"
"BMWC0424","BMW i7","Electric","2024","Blue","21550000","Jaipur","Rajasthan","Luxury"
"BMWC0425","BMW iX1","Electric","2026","Grey","6700000","Gurugram","Haryana","Luxury"
"BMWC0426","BMW iX1","Electric","2022","Blue","6800000","Noida","Uttar Pradesh","Premium"
"BMWC0427","BMW i7","Electric","2025","Silver","21450000","Bengaluru","Karnataka","Business"
"BMWC0428","BMW X3","Diesel","2021","White","7100000","Kochi","Kerala","Executive"
"BMWC0429","BMW X5","Diesel","2025","Red","10700000","Pune","Maharashtra","Premium"
"BMWC0430","BMW i4","Electric","2023","Black","7200000","Chandigarh","Chandigarh","Luxury"
"BMWC0431","BMW X5","Diesel","2025","White","10900000","Kochi","Kerala","Business"
"BMWC0432","BMW X3","Diesel","2025","Red","7200000","Mumbai","Maharashtra","Premium"
"BMWC0433","BMW 5 Series","Diesel","2026","Silver","8300000","Chandigarh","Chandigarh","Executive"
"BMWC0434","BMW 7 Series","Petrol","2022","Silver","19300000","Gurugram","Haryana","Premium"
"BMWC0435","BMW i4","Electric","2022","Blue","7650000","Coimbatore","Tamil Nadu","Premium"
"BMWC0436","BMW iX1","Electric","2025","Black","6950000","Pune","Maharashtra","Premium"
"BMWC0437","BMW X7","Diesel","2025","Red","14050000","Kolkata","West Bengal","Executive"
"BMWC0438","BMW 2 Series Gran Coupe","Diesel","2025","Black","4350000","Ahmedabad","Gujarat","Premium"
"BMWC0439","BMW iX","Electric","2025","Silver","14400000","Hyderabad","Telangana","Business"
"BMWC0440","BMW X3","Petrol","2023","Silver","7750000","Hyderabad","Telangana","Business"
"BMWC0441","BMW iX","Electric","2024","Black","15000000","Pune","Maharashtra","Business"
"BMWC0442","BMW X5","Diesel","2026","Silver","11400000","Hyderabad","Telangana","Executive"
"BMWC0443","BMW iX","Electric","2022","Grey","14800000","Gurugram","Haryana","Executive"
"BMWC0444","BMW X1","Petrol","2025","White","5600000","Hyderabad","Telangana","Luxury"
"BMWC0445","BMW X3","Petrol","2022","Red","7000000","Kochi","Kerala","Luxury"
"BMWC0446","BMW 2 Series Gran Coupe","Petrol","2021","White","4600000","Ahmedabad","Gujarat","Luxury"
"BMWC0447","BMW 3 Series","Petrol","2024","Blue","6650000","Hyderabad","Telangana","Executive"
"BMWC0448","BMW iX","Electric","2023","White","14050000","Gurugram","Haryana","Business"
"BMWC0449","BMW 3 Series","Petrol","2023","Black","6550000","Kolkata","West Bengal","Premium"
"BMWC0450","BMW X7","Petrol","2022","Black","13100000","Kochi","Kerala","Business"
"BMWC0451","BMW X5","Petrol","2021","Red","10900000","Kolkata","West Bengal","Premium"
"BMWC0452","BMW i5","Electric","2023","Black","12050000","Delhi","Delhi","Luxury"
"BMWC0453","BMW X1","Diesel","2025","Black","5550000","Bengaluru","Karnataka","Luxury"
"BMWC0454","BMW X7","Diesel","2024","Blue","13950000","Bengaluru","Karnataka","Premium"
"BMWC0455","BMW X5","Petrol","2025","Black","11350000","Pune","Maharashtra","Luxury"
"BMWC0456","BMW X7","Petrol","2022","Black","13750000","Noida","Uttar Pradesh","Luxury"
"BMWC0457","BMW i4","Electric","2022","Blue","7550000","Chandigarh","Chandigarh","Premium"
"BMWC0458","BMW i5","Electric","2026","White","12000000","Delhi","Delhi","Luxury"
"BMWC0459","BMW X7","Petrol","2022","Black","13300000","Ahmedabad","Gujarat","Premium"
"BMWC0460","BMW i7","Electric","2026","White","21500000","Gurugram","Haryana","Premium"
"BMWC0461","BMW i4","Electric","2025","White","7250000","Coimbatore","Tamil Nadu","Premium"
"BMWC0462","BMW i4","Electric","2024","Black","7350000","Chandigarh","Chandigarh","Business"
"BMWC0463","BMW X7","Petrol","2022","Black","13150000","Mumbai","Maharashtra","Premium"
"BMWC0464","BMW iX1","Electric","2024","Blue","6900000","Mumbai","Maharashtra","Executive"
"BMWC0465","BMW 7 Series","Petrol","2022","Grey","18250000","Delhi","Delhi","Business"
"BMWC0466","BMW 5 Series","Petrol","2022","White","7800000","Ahmedabad","Gujarat","Premium"
"BMWC0467","BMW i7","Electric","2022","Silver","21450000","Hyderabad","Telangana","Luxury"
"BMWC0468","BMW i4","Electric","2024","Red","7550000","Bengaluru","Karnataka","Executive"
"BMWC0469","BMW X5","Petrol","2024","Black","9700000","Ahmedabad","Gujarat","Business"
"BMWC0470","BMW X7","Petrol","2023","Blue","13250000","Noida","Uttar Pradesh","Premium"
"BMWC0471","BMW 2 Series Gran Coupe","Diesel","2022","White","5000000","Kochi","Kerala","Executive"
"BMWC0472","BMW i5","Electric","2022","Grey","12500000","Coimbatore","Tamil Nadu","Luxury"
"BMWC0473","BMW iX","Electric","2026","Grey","14050000","Ahmedabad","Gujarat","Premium"
"BMWC0474","BMW X3","Diesel","2025","Silver","8100000","Mumbai","Maharashtra","Business"
"BMWC0475","BMW i7","Electric","2023","Blue","21100000","Jaipur","Rajasthan","Premium"
"BMWC0476","BMW X7","Diesel","2024","Blue","13200000","Noida","Uttar Pradesh","Luxury"
"BMWC0477","BMW X1","Petrol","2024","White","5200000","Coimbatore","Tamil Nadu","Business"
"BMWC0478","BMW X7","Petrol","2022","Blue","13050000","Hyderabad","Telangana","Business"
"BMWC0479","BMW X7","Diesel","2026","White","13950000","Ahmedabad","Gujarat","Business"
"BMWC0480","BMW 5 Series","Petrol","2022","White","7450000","Coimbatore","Tamil Nadu","Premium"
"BMWC0481","BMW X3","Petrol","2024","Blue","7250000","Noida","Uttar Pradesh","Luxury"
"BMWC0482","BMW iX1","Electric","2024","Silver","6850000","Bengaluru","Karnataka","Executive"
"BMWC0483","BMW X7","Diesel","2025","Black","13450000","Jaipur","Rajasthan","Premium"
"BMWC0484","BMW X1","Petrol","2023","Silver","5700000","Gurugram","Haryana","Luxury"
"BMWC0485","BMW 2 Series Gran Coupe","Petrol","2025","Black","4400000","Kolkata","West Bengal","Luxury"
"BMWC0486","BMW i7","Electric","2023","Black","20000000","Delhi","Delhi","Business"
"BMWC0487","BMW i7","Electric","2023","Silver","20500000","Jaipur","Rajasthan","Luxury"
"BMWC0488","BMW X1","Diesel","2023","Grey","5100000","Chandigarh","Chandigarh","Business"
"BMWC0489","BMW i7","Electric","2024","Silver","20900000","Pune","Maharashtra","Premium"
"BMWC0490","BMW iX","Electric","2023","White","15000000","Mumbai","Maharashtra","Luxury"
"BMWC0491","BMW 2 Series Gran Coupe","Petrol","2024","Red","4400000","Jaipur","Rajasthan","Premium"
"BMWC0492","BMW X3","Petrol","2021","White","7900000","Chandigarh","Chandigarh","Executive"
"BMWC0493","BMW X5","Diesel","2023","Silver","11350000","Chennai","Tamil Nadu","Executive"
"BMWC0494","BMW X3","Diesel","2025","White","8100000","Hyderabad","Telangana","Business"
"BMWC0495","BMW X5","Diesel","2023","Red","10150000","Mumbai","Maharashtra","Business"
"BMWC0496","BMW 3 Series","Petrol","2022","Silver","6350000","Chandigarh","Chandigarh","Executive"
"BMWC0497","BMW 2 Series Gran Coupe","Petrol","2025","Red","4500000","Pune","Maharashtra","Premium"
"BMWC0498","BMW iX","Electric","2022","Black","14300000","Jaipur","Rajasthan","Premium"
"BMWC0499","BMW X1","Petrol","2026","Black","5150000","Jaipur","Rajasthan","Executive"
"BMWC0500","BMW i4","Electric","2024","Black","7800000","Delhi","Delhi","Luxury"
"BMWC0501","BMW X1","Petrol","2022","White","5150000","Jaipur","Rajasthan","Premium"
"BMWC0502","BMW 5 Series","Diesel","2022","Black","8000000","Gurugram","Haryana","Executive"
"BMWC0503","BMW i7","Electric","2022","Red","21000000","Kolkata","West Bengal","Business"
"BMWC0504","BMW X1","Diesel","2026","Grey","5750000","Pune","Maharashtra","Luxury"
"BMWC0505","BMW X5","Diesel","2022","Black","10200000","Coimbatore","Tamil Nadu","Business"
"BMWC0506","BMW X1","Diesel","2023","White","5550000","Jaipur","Rajasthan","Premium"
"BMWC0507","BMW X1","Diesel","2025","White","5200000","Noida","Uttar Pradesh","Executive"
"BMWC0508","BMW 5 Series","Diesel","2022","White","8400000","Ahmedabad","Gujarat","Business"
"BMWC0509","BMW X7","Diesel","2026","Grey","14700000","Kolkata","West Bengal","Business"
"BMWC0510","BMW X7","Diesel","2021","Grey","14750000","Chennai","Tamil Nadu","Business"
"BMWC0511","BMW X7","Petrol","2024","Silver","14750000","Ahmedabad","Gujarat","Executive"
"BMWC0512","BMW X7","Diesel","2023","Blue","13900000","Ahmedabad","Gujarat","Executive"
"BMWC0513","BMW X5","Petrol","2024","Silver","11000000","Gurugram","Haryana","Premium"
"BMWC0514","BMW X1","Petrol","2021","Grey","5850000","Delhi","Delhi","Business"
"BMWC0515","BMW i4","Electric","2025","Blue","7500000","Delhi","Delhi","Executive"
"BMWC0516","BMW 5 Series","Diesel","2023","White","7950000","Delhi","Delhi","Premium"
"BMWC0517","BMW X1","Diesel","2025","Silver","5100000","Jaipur","Rajasthan","Luxury"
"BMWC0518","BMW X3","Petrol","2024","Silver","7450000","Kochi","Kerala","Luxury"
"BMWC0519","BMW 2 Series Gran Coupe","Petrol","2023","Silver","5000000","Ahmedabad","Gujarat","Luxury"
"BMWC0520","BMW X3","Diesel","2022","Red","8150000","Mumbai","Maharashtra","Executive"
"BMWC0521","BMW X1","Petrol","2025","Grey","5350000","Hyderabad","Telangana","Business"
"BMWC0522","BMW X5","Petrol","2023","Red","10100000","Pune","Maharashtra","Premium"
"BMWC0523","BMW 3 Series","Diesel","2022","White","6250000","Ahmedabad","Gujarat","Premium"
"BMWC0524","BMW iX1","Electric","2023","Red","6900000","Noida","Uttar Pradesh","Luxury"
"BMWC0525","BMW 5 Series","Petrol","2023","Red","7900000","Mumbai","Maharashtra","Business"
"BMWC0526","BMW X7","Petrol","2024","Black","14500000","Hyderabad","Telangana","Luxury"
"BMWC0527","BMW X1","Diesel","2024","Grey","5550000","Hyderabad","Telangana","Premium"
"BMWC0528","BMW iX","Electric","2022","Blue","14700000","Hyderabad","Telangana","Business"
"BMWC0529","BMW i7","Electric","2026","Grey","21350000","Chandigarh","Chandigarh","Premium"
"BMWC0530","BMW iX","Electric","2023","Blue","15000000","Kochi","Kerala","Luxury"
"BMWC0531","BMW 7 Series","Petrol","2025","Blue","18800000","Chandigarh","Chandigarh","Executive"
"BMWC0532","BMW iX","Electric","2023","White","14550000","Pune","Maharashtra","Luxury"
"BMWC0533","BMW 3 Series","Diesel","2025","Blue","5850000","Pune","Maharashtra","Premium"
"BMWC0534","BMW 2 Series Gran Coupe","Diesel","2026","Blue","5050000","Jaipur","Rajasthan","Luxury"
"BMWC0535","BMW X5","Petrol","2026","Blue","10600000","Ahmedabad","Gujarat","Business"
"BMWC0536","BMW 7 Series","Petrol","2024","Red","18950000","Ahmedabad","Gujarat","Business"
"BMWC0537","BMW i7","Electric","2023","Blue","20200000","Coimbatore","Tamil Nadu","Executive"
"BMWC0538","BMW iX1","Electric","2025","White","6800000","Hyderabad","Telangana","Business"
"BMWC0539","BMW 5 Series","Petrol","2024","Blue","7850000","Delhi","Delhi","Executive"
"BMWC0540","BMW X1","Diesel","2024","Red","5250000","Kolkata","West Bengal","Luxury"
"BMWC0541","BMW 5 Series","Petrol","2022","Black","7950000","Pune","Maharashtra","Business"
"BMWC0542","BMW X7","Diesel","2022","Blue","14100000","Bengaluru","Karnataka","Premium"
"BMWC0543","BMW iX1","Electric","2023","Grey","7000000","Gurugram","Haryana","Premium"
"BMWC0544","BMW X3","Petrol","2023","Blue","8100000","Chennai","Tamil Nadu","Business"
"BMWC0545","BMW X3","Petrol","2026","Grey","8000000","Pune","Maharashtra","Executive"
"BMWC0546","BMW 5 Series","Petrol","2022","Black","7200000","Jaipur","Rajasthan","Business"
"BMWC0547","BMW i7","Electric","2022","Grey","21100000","Kochi","Kerala","Business"
"BMWC0548","BMW 3 Series","Diesel","2025","Red","5850000","Jaipur","Rajasthan","Luxury"
"BMWC0549","BMW X7","Petrol","2024","Silver","13250000","Hyderabad","Telangana","Premium"
"BMWC0550","BMW iX1","Electric","2022","Blue","6900000","Chennai","Tamil Nadu","Premium"
"BMWC0551","BMW iX","Electric","2024","Blue","14250000","Bengaluru","Karnataka","Business"
"BMWC0552","BMW i4","Electric","2023","Grey","7300000","Delhi","Delhi","Business"
"BMWC0553","BMW 3 Series","Petrol","2024","Silver","6300000","Mumbai","Maharashtra","Business"
"BMWC0554","BMW iX","Electric","2022","White","14000000","Bengaluru","Karnataka","Luxury"
"BMWC0555","BMW i5","Electric","2026","Black","12400000","Gurugram","Haryana","Luxury"
"BMWC0556","BMW i7","Electric","2022","Blue","21400000","Noida","Uttar Pradesh","Business"
"BMWC0557","BMW X5","Diesel","2025","Red","11450000","Coimbatore","Tamil Nadu","Premium"
"BMWC0558","BMW iX1","Electric","2023","Grey","6900000","Gurugram","Haryana","Business"
"BMWC0559","BMW 2 Series Gran Coupe","Petrol","2024","Silver","4850000","Hyderabad","Telangana","Executive"
"BMWC0560","BMW i7","Electric","2025","Red","21150000","Gurugram","Haryana","Luxury"
"BMWC0561","BMW 7 Series","Petrol","2022","Blue","18800000","Ahmedabad","Gujarat","Luxury"
"BMWC0562","BMW 5 Series","Petrol","2023","Blue","7850000","Jaipur","Rajasthan","Executive"
"BMWC0563","BMW 5 Series","Petrol","2024","Silver","8450000","Coimbatore","Tamil Nadu","Premium"
"BMWC0564","BMW iX1","Electric","2022","Silver","7000000","Mumbai","Maharashtra","Premium"
"BMWC0565","BMW 5 Series","Diesel","2022","Blue","7500000","Delhi","Delhi","Luxury"
"BMWC0566","BMW 3 Series","Diesel","2026","Grey","6250000","Delhi","Delhi","Business"
"BMWC0567","BMW X5","Diesel","2026","Black","10850000","Noida","Uttar Pradesh","Executive"
"BMWC0568","BMW X5","Petrol","2023","Blue","9800000","Gurugram","Haryana","Executive"
"BMWC0569","BMW i7","Electric","2026","Silver","20850000","Delhi","Delhi","Executive"
"BMWC0570","BMW iX","Electric","2023","Silver","14100000","Jaipur","Rajasthan","Premium"
"BMWC0571","BMW iX1","Electric","2026","Blue","6950000","Kolkata","West Bengal","Premium"
"BMWC0572","BMW i7","Electric","2023","Blue","22000000","Chandigarh","Chandigarh","Executive"
"BMWC0573","BMW 7 Series","Petrol","2023","Blue","19300000","Delhi","Delhi","Business"
"BMWC0574","BMW 3 Series","Petrol","2025","Grey","6250000","Coimbatore","Tamil Nadu","Business"
"BMWC0575","BMW i4","Electric","2025","White","7550000","Chandigarh","Chandigarh","Luxury"
"BMWC0576","BMW X7","Diesel","2024","Silver","14650000","Mumbai","Maharashtra","Business"
"BMWC0577","BMW 3 Series","Petrol","2023","Blue","5650000","Delhi","Delhi","Luxury"
"BMWC0578","BMW 5 Series","Diesel","2023","Black","7500000","Chennai","Tamil Nadu","Business"
"BMWC0579","BMW i4","Electric","2023","Silver","7800000","Ahmedabad","Gujarat","Business"
"BMWC0580","BMW 5 Series","Diesel","2025","Red","8150000","Bengaluru","Karnataka","Premium"
"BMWC0581","BMW 5 Series","Petrol","2026","White","8400000","Ahmedabad","Gujarat","Luxury"
"BMWC0582","BMW iX","Electric","2022","Grey","14850000","Kolkata","West Bengal","Executive"
"BMWC0583","BMW X5","Petrol","2023","Black","11050000","Noida","Uttar Pradesh","Luxury"
"BMWC0584","BMW X1","Petrol","2026","Blue","5100000","Mumbai","Maharashtra","Premium"
"BMWC0585","BMW X1","Diesel","2022","Silver","5650000","Bengaluru","Karnataka","Business"
"BMWC0586","BMW 3 Series","Diesel","2024","Blue","6450000","Chennai","Tamil Nadu","Luxury"
"BMWC0587","BMW X1","Diesel","2025","Silver","5800000","Noida","Uttar Pradesh","Business"
"BMWC0588","BMW 2 Series Gran Coupe","Petrol","2025","Blue","4750000","Chandigarh","Chandigarh","Business"
"BMWC0589","BMW X3","Petrol","2023","Red","7050000","Ahmedabad","Gujarat","Executive"
"BMWC0590","BMW X5","Petrol","2026","Red","10700000","Ahmedabad","Gujarat","Luxury"
"BMWC0591","BMW X7","Diesel","2022","Red","13000000","Chennai","Tamil Nadu","Premium"
"BMWC0592","BMW iX","Electric","2026","White","14700000","Kolkata","West Bengal","Business"
"BMWC0593","BMW X3","Petrol","2022","Black","8150000","Noida","Uttar Pradesh","Luxury"
"BMWC0594","BMW 7 Series","Petrol","2023","Black","19050000","Delhi","Delhi","Business"
"BMWC0595","BMW 5 Series","Petrol","2025","White","8250000","Kochi","Kerala","Luxury"
"BMWC0596","BMW iX1","Electric","2022","Grey","6950000","Pune","Maharashtra","Business"
"BMWC0597","BMW X5","Diesel","2024","Black","11150000","Bengaluru","Karnataka","Business"
"BMWC0598","BMW X3","Petrol","2023","Black","7100000","Gurugram","Haryana","Luxury"
"BMWC0599","BMW X3","Diesel","2025","Blue","7150000","Bengaluru","Karnataka","Business"
"BMWC0600","BMW 7 Series","Petrol","2026","Black","18550000","Chandigarh","Chandigarh","Premium"
"BMWC0601","BMW 3 Series","Petrol","2022","Blue","6700000","Chennai","Tamil Nadu","Premium"
"BMWC0602","BMW i5","Electric","2023","Red","12300000","Kolkata","West Bengal","Business"
"BMWC0603","BMW X7","Diesel","2022","Silver","14050000","Ahmedabad","Gujarat","Premium"
"BMWC0604","BMW 2 Series Gran Coupe","Petrol","2025","Grey","4500000","Ahmedabad","Gujarat","Luxury"
"BMWC0605","BMW iX","Electric","2023","Silver","14900000","Chennai","Tamil Nadu","Business"
"BMWC0606","BMW X1","Diesel","2022","Grey","5800000","Hyderabad","Telangana","Luxury"
"BMWC0607","BMW i5","Electric","2023","Silver","12150000","Jaipur","Rajasthan","Executive"
"BMWC0608","BMW X5","Diesel","2024","Grey","9800000","Mumbai","Maharashtra","Business"
"BMWC0609","BMW i7","Electric","2023","Black","21250000","Jaipur","Rajasthan","Executive"
"BMWC0610","BMW X7","Petrol","2026","Blue","14150000","Kochi","Kerala","Luxury"
"BMWC0611","BMW 5 Series","Petrol","2023","Blue","7350000","Chennai","Tamil Nadu","Business"
"BMWC0612","BMW 7 Series","Petrol","2024","Black","18000000","Jaipur","Rajasthan","Luxury"
"BMWC0613","BMW 7 Series","Petrol","2022","Silver","19400000","Coimbatore","Tamil Nadu","Executive"
"BMWC0614","BMW iX","Electric","2021","White","15000000","Delhi","Delhi","Premium"
"BMWC0615","BMW 5 Series","Diesel","2026","Silver","8000000","Jaipur","Rajasthan","Business"
"BMWC0616","BMW X7","Diesel","2024","Grey","14850000","Ahmedabad","Gujarat","Business"
"BMWC0617","BMW X5","Petrol","2023","White","11450000","Chandigarh","Chandigarh","Executive"
"BMWC0618","BMW X5","Diesel","2024","Blue","10850000","Noida","Uttar Pradesh","Premium"
"BMWC0619","BMW X1","Petrol","2023","Red","5150000","Jaipur","Rajasthan","Executive"
"BMWC0620","BMW i7","Electric","2025","Blue","20400000","Pune","Maharashtra","Business"
"BMWC0621","BMW X5","Petrol","2024","White","10150000","Noida","Uttar Pradesh","Business"
"BMWC0622","BMW X3","Petrol","2024","Blue","8200000","Delhi","Delhi","Luxury"
"BMWC0623","BMW X1","Petrol","2023","Blue","5500000","Noida","Uttar Pradesh","Premium"
"BMWC0624","BMW i4","Electric","2023","White","7650000","Mumbai","Maharashtra","Business"
"BMWC0625","BMW 7 Series","Petrol","2025","White","18900000","Bengaluru","Karnataka","Business"
"BMWC0626","BMW 2 Series Gran Coupe","Petrol","2024","Blue","4750000","Pune","Maharashtra","Executive"
"BMWC0627","BMW X5","Diesel","2022","White","11400000","Mumbai","Maharashtra","Business"
"BMWC0628","BMW i7","Electric","2025","Black","20950000","Mumbai","Maharashtra","Premium"
"BMWC0629","BMW X5","Petrol","2025","Blue","11250000","Kolkata","West Bengal","Luxury"
"BMWC0630","BMW X5","Petrol","2026","Grey","11050000","Mumbai","Maharashtra","Luxury"
"BMWC0631","BMW X1","Diesel","2025","Black","5300000","Kochi","Kerala","Business"
"BMWC0632","BMW 5 Series","Diesel","2022","Blue","7900000","Pune","Maharashtra","Business"
"BMWC0633","BMW 2 Series Gran Coupe","Petrol","2025","Silver","4500000","Hyderabad","Telangana","Business"
"BMWC0634","BMW 5 Series","Diesel","2022","White","7450000","Chandigarh","Chandigarh","Premium"
"BMWC0635","BMW i5","Electric","2024","Red","12100000","Mumbai","Maharashtra","Executive"
"BMWC0636","BMW X7","Petrol","2021","Black","14200000","Ahmedabad","Gujarat","Premium"
"BMWC0637","BMW X3","Petrol","2022","Grey","7350000","Kochi","Kerala","Executive"
"BMWC0638","BMW iX1","Electric","2025","Black","6850000","Ahmedabad","Gujarat","Executive"
"BMWC0639","BMW 2 Series Gran Coupe","Diesel","2023","White","4400000","Pune","Maharashtra","Business"
"BMWC0640","BMW 3 Series","Petrol","2025","Red","6100000","Hyderabad","Telangana","Business"
"BMWC0641","BMW 3 Series","Diesel","2025","White","6300000","Chennai","Tamil Nadu","Premium"
"BMWC0642","BMW X1","Petrol","2026","White","5350000","Coimbatore","Tamil Nadu","Premium"
"BMWC0643","BMW 7 Series","Petrol","2022","Red","18350000","Coimbatore","Tamil Nadu","Luxury"
"BMWC0644","BMW i7","Electric","2022","Silver","21700000","Delhi","Delhi","Executive"
"BMWC0645","BMW 5 Series","Diesel","2022","White","7950000","Kochi","Kerala","Luxury"
"BMWC0646","BMW 7 Series","Petrol","2023","Blue","18000000","Gurugram","Haryana","Luxury"
"BMWC0647","BMW X1","Diesel","2024","White","5600000","Bengaluru","Karnataka","Business"
"BMWC0648","BMW X5","Petrol","2025","Grey","11400000","Jaipur","Rajasthan","Business"
"BMWC0649","BMW 3 Series","Diesel","2024","Grey","5900000","Mumbai","Maharashtra","Business"
"BMWC0650","BMW i7","Electric","2022","Silver","21850000","Gurugram","Haryana","Business"
"BMWC0651","BMW X1","Diesel","2024","Black","5550000","Kolkata","West Bengal","Premium"
"BMWC0652","BMW i7","Electric","2023","Black","20450000","Hyderabad","Telangana","Business"
"BMWC0653","BMW X5","Petrol","2024","Silver","10200000","Kolkata","West Bengal","Business"
"BMWC0654","BMW iX","Electric","2024","Black","14550000","Bengaluru","Karnataka","Premium"
"BMWC0655","BMW 3 Series","Petrol","2024","White","6400000","Jaipur","Rajasthan","Business"
"BMWC0656","BMW 5 Series","Petrol","2026","Blue","7500000","Noida","Uttar Pradesh","Premium"
"BMWC0657","BMW i5","Electric","2022","Grey","12300000","Bengaluru","Karnataka","Premium"
"BMWC0658","BMW X1","Petrol","2026","Blue","5050000","Kochi","Kerala","Executive"
"BMWC0659","BMW i4","Electric","2025","Black","7450000","Delhi","Delhi","Premium"
"BMWC0660","BMW 2 Series Gran Coupe","Diesel","2024","Blue","4500000","Chandigarh","Chandigarh","Business"
"BMWC0661","BMW iX1","Electric","2021","Red","6950000","Kochi","Kerala","Business"
"BMWC0662","BMW X5","Petrol","2024","Silver","10000000","Delhi","Delhi","Business"
"BMWC0663","BMW iX","Electric","2025","White","14700000","Hyderabad","Telangana","Premium"
"BMWC0664","BMW 3 Series","Diesel","2022","Red","6100000","Coimbatore","Tamil Nadu","Luxury"
"BMWC0665","BMW iX1","Electric","2022","Grey","7000000","Bengaluru","Karnataka","Business"
"BMWC0666","BMW iX","Electric","2022","Red","14450000","Pune","Maharashtra","Executive"
"BMWC0667","BMW 5 Series","Diesel","2026","Blue","7200000","Gurugram","Haryana","Luxury"
"BMWC0668","BMW iX1","Electric","2022","White","6900000","Bengaluru","Karnataka","Premium"
"BMWC0669","BMW i4","Electric","2025","Grey","7250000","Hyderabad","Telangana","Business"
"BMWC0670","BMW 2 Series Gran Coupe","Diesel","2023","Blue","4650000","Mumbai","Maharashtra","Business"
"BMWC0671","BMW X3","Diesel","2023","Red","8200000","Kochi","Kerala","Luxury"
"BMWC0672","BMW X3","Petrol","2023","White","7700000","Chandigarh","Chandigarh","Luxury"
"BMWC0673","BMW i7","Electric","2022","Black","20450000","Delhi","Delhi","Luxury"
"BMWC0674","BMW 2 Series Gran Coupe","Petrol","2023","Grey","4950000","Kolkata","West Bengal","Luxury"
"BMWC0675","BMW i5","Electric","2026","Blue","12500000","Jaipur","Rajasthan","Premium"
"BMWC0676","BMW 3 Series","Petrol","2024","Red","6400000","Noida","Uttar Pradesh","Luxury"
"BMWC0677","BMW X5","Diesel","2024","White","10650000","Kochi","Kerala","Premium"
"BMWC0678","BMW X5","Diesel","2024","White","11400000","Bengaluru","Karnataka","Business"
"BMWC0679","BMW iX","Electric","2022","Black","14900000","Bengaluru","Karnataka","Executive"
"BMWC0680","BMW X3","Petrol","2021","Grey","7350000","Gurugram","Haryana","Business"
"BMWC0681","BMW i7","Electric","2025","Black","21700000","Kolkata","West Bengal","Executive"
"BMWC0682","BMW 7 Series","Petrol","2023","Blue","19350000","Ahmedabad","Gujarat","Luxury"
"BMWC0683","BMW X5","Diesel","2025","Red","11050000","Bengaluru","Karnataka","Luxury"
"BMWC0684","BMW X5","Petrol","2024","Grey","9750000","Delhi","Delhi","Premium"
"BMWC0685","BMW X3","Diesel","2021","Black","7350000","Jaipur","Rajasthan","Executive"
"BMWC0686","BMW i4","Electric","2023","White","7750000","Bengaluru","Karnataka","Luxury"
"BMWC0687","BMW X3","Diesel","2022","Grey","7400000","Noida","Uttar Pradesh","Executive"
"BMWC0688","BMW i7","Electric","2024","Blue","21450000","Kochi","Kerala","Luxury"
"BMWC0689","BMW X1","Petrol","2026","Silver","5500000","Hyderabad","Telangana","Executive"
"BMWC0690","BMW iX1","Electric","2024","Red","6950000","Jaipur","Rajasthan","Premium"
"BMWC0691","BMW i4","Electric","2026","Red","7500000","Chandigarh","Chandigarh","Business"
"BMWC0692","BMW 5 Series","Petrol","2024","Blue","8500000","Mumbai","Maharashtra","Luxury"
"BMWC0693","BMW iX1","Electric","2024","Blue","6800000","Hyderabad","Telangana","Business"
"BMWC0694","BMW 2 Series Gran Coupe","Diesel","2024","Grey","4800000","Chennai","Tamil Nadu","Premium"
"BMWC0695","BMW X5","Diesel","2024","White","11300000","Pune","Maharashtra","Executive"
"BMWC0696","BMW X1","Diesel","2025","Blue","5400000","Gurugram","Haryana","Executive"
"BMWC0697","BMW i7","Electric","2023","Red","20100000","Bengaluru","Karnataka","Executive"
"BMWC0698","BMW 3 Series","Diesel","2024","Red","6850000","Noida","Uttar Pradesh","Premium"
"BMWC0699","BMW 3 Series","Petrol","2023","Grey","6400000","Mumbai","Maharashtra","Business"
"BMWC0700","BMW X1","Diesel","2026","Black","5650000","Noida","Uttar Pradesh","Luxury"
"BMWC0701","BMW i5","Electric","2024","White","12050000","Pune","Maharashtra","Business"
"BMWC0702","BMW 2 Series Gran Coupe","Diesel","2024","Red","4300000","Pune","Maharashtra","Executive"
"BMWC0703","BMW X5","Diesel","2024","White","9850000","Chennai","Tamil Nadu","Luxury"
"BMWC0704","BMW 2 Series Gran Coupe","Petrol","2025","White","4800000","Chennai","Tamil Nadu","Executive"
"BMWC0705","BMW X3","Diesel","2025","Red","7000000","Bengaluru","Karnataka","Executive"
"BMWC0706","BMW 7 Series","Petrol","2022","White","19500000","Bengaluru","Karnataka","Premium"
"BMWC0707","BMW iX1","Electric","2026","Red","6750000","Hyderabad","Telangana","Executive"
"BMWC0708","BMW X3","Diesel","2021","White","7650000","Kochi","Kerala","Luxury"
"BMWC0709","BMW X1","Petrol","2026","Black","5300000","Ahmedabad","Gujarat","Business"
"BMWC0710","BMW iX1","Electric","2023","Silver","6750000","Gurugram","Haryana","Executive"
"BMWC0711","BMW X1","Petrol","2023","Red","5850000","Hyderabad","Telangana","Luxury"
"BMWC0712","BMW X1","Petrol","2026","Blue","5300000","Kochi","Kerala","Executive"
"BMWC0713","BMW i7","Electric","2023","White","21000000","Gurugram","Haryana","Premium"
"BMWC0714","BMW i7","Electric","2025","Red","22000000","Kochi","Kerala","Business"
"BMWC0715","BMW 7 Series","Petrol","2024","Silver","17750000","Delhi","Delhi","Luxury"
"BMWC0716","BMW i5","Electric","2022","White","12100000","Chennai","Tamil Nadu","Business"
"BMWC0717","BMW 3 Series","Petrol","2025","White","5750000","Coimbatore","Tamil Nadu","Executive"
"BMWC0718","BMW 5 Series","Petrol","2025","White","7350000","Jaipur","Rajasthan","Business"
"BMWC0719","BMW 5 Series","Diesel","2022","Black","7550000","Delhi","Delhi","Executive"
"BMWC0720","BMW 3 Series","Diesel","2023","Red","5600000","Mumbai","Maharashtra","Premium"
"BMWC0721","BMW X7","Petrol","2022","Black","13900000","Bengaluru","Karnataka","Business"
"BMWC0722","BMW iX1","Electric","2025","Blue","6850000","Ahmedabad","Gujarat","Business"
"BMWC0723","BMW i5","Electric","2026","White","12050000","Hyderabad","Telangana","Business"
"BMWC0724","BMW 3 Series","Petrol","2026","Blue","6000000","Ahmedabad","Gujarat","Business"
"BMWC0725","BMW i7","Electric","2023","Silver","20400000","Ahmedabad","Gujarat","Luxury"
"BMWC0726","BMW X5","Petrol","2024","Blue","11350000","Ahmedabad","Gujarat","Premium"
"BMWC0727","BMW 2 Series Gran Coupe","Diesel","2022","White","5000000","Delhi","Delhi","Premium"
"BMWC0728","BMW i7","Electric","2024","Red","20450000","Bengaluru","Karnataka","Premium"
"BMWC0729","BMW X7","Petrol","2024","White","13450000","Chennai","Tamil Nadu","Luxury"
"BMWC0730","BMW i7","Electric","2026","Black","21050000","Noida","Uttar Pradesh","Luxury"
"BMWC0731","BMW iX1","Electric","2023","Red","6950000","Chennai","Tamil Nadu","Luxury"
"BMWC0732","BMW X1","Petrol","2022","Silver","5300000","Kolkata","West Bengal","Business"
"BMWC0733","BMW X7","Diesel","2024","Black","14200000","Kochi","Kerala","Executive"
"BMWC0734","BMW i4","Electric","2023","White","7300000","Chennai","Tamil Nadu","Premium"
"BMWC0735","BMW 7 Series","Petrol","2025","Blue","17600000","Bengaluru","Karnataka","Executive"
"BMWC0736","BMW X5","Petrol","2026","Black","10800000","Delhi","Delhi","Business"
"BMWC0737","BMW X7","Petrol","2021","Red","14450000","Hyderabad","Telangana","Luxury"
"BMWC0738","BMW iX1","Electric","2023","White","6800000","Noida","Uttar Pradesh","Premium"
"BMWC0739","BMW 5 Series","Diesel","2021","Grey","8400000","Bengaluru","Karnataka","Executive"
"BMWC0740","BMW 5 Series","Petrol","2024","Blue","7750000","Hyderabad","Telangana","Luxury"
"BMWC0741","BMW 3 Series","Diesel","2023","Silver","6200000","Chennai","Tamil Nadu","Premium"
"BMWC0742","BMW i5","Electric","2023","Red","12500000","Kolkata","West Bengal","Premium"
"BMWC0743","BMW X1","Diesel","2024","Grey","5100000","Mumbai","Maharashtra","Premium"
"BMWC0744","BMW 5 Series","Petrol","2022","Red","7800000","Gurugram","Haryana","Executive"
"BMWC0745","BMW X7","Petrol","2024","Black","13450000","Kolkata","West Bengal","Business"
"BMWC0746","BMW 7 Series","Petrol","2026","Grey","18850000","Pune","Maharashtra","Business"
"BMWC0747","BMW X5","Petrol","2023","White","9850000","Kochi","Kerala","Business"
"BMWC0748","BMW X7","Diesel","2026","Silver","13500000","Kolkata","West Bengal","Luxury"
"BMWC0749","BMW X3","Diesel","2024","Blue","7200000","Chennai","Tamil Nadu","Luxury"
"BMWC0750","BMW i5","Electric","2022","Silver","12000000","Kochi","Kerala","Executive"
"BMWC0751","BMW 7 Series","Petrol","2021","Red","18650000","Kochi","Kerala","Business"
"BMWC0752","BMW X5","Diesel","2026","Grey","11400000","Delhi","Delhi","Luxury"
"BMWC0753","BMW iX1","Electric","2024","Black","6800000","Kolkata","West Bengal","Premium"
"BMWC0754","BMW i4","Electric","2026","Black","7800000","Bengaluru","Karnataka","Luxury"
"BMWC0755","BMW 7 Series","Petrol","2022","Grey","18100000","Kolkata","West Bengal","Executive"
"BMWC0756","BMW iX","Electric","2022","Black","14400000","Kolkata","West Bengal","Premium"
"BMWC0757","BMW 2 Series Gran Coupe","Petrol","2026","White","5100000","Jaipur","Rajasthan","Business"
"BMWC0758","BMW 2 Series Gran Coupe","Diesel","2024","Red","4550000","Mumbai","Maharashtra","Premium"
"BMWC0759","BMW i5","Electric","2023","Black","12400000","Chandigarh","Chandigarh","Premium"
"BMWC0760","BMW i4","Electric","2024","Blue","7700000","Chennai","Tamil Nadu","Luxury"
"BMWC0761","BMW i7","Electric","2025","Black","20150000","Jaipur","Rajasthan","Premium"
"BMWC0762","BMW 3 Series","Petrol","2022","Black","5700000","Hyderabad","Telangana","Business"
"BMWC0763","BMW 3 Series","Diesel","2023","White","6650000","Kochi","Kerala","Luxury"
"BMWC0764","BMW i5","Electric","2023","White","12350000","Bengaluru","Karnataka","Premium"
"BMWC0765","BMW iX1","Electric","2022","Blue","6750000","Pune","Maharashtra","Luxury"
"BMWC0766","BMW 3 Series","Diesel","2025","Blue","6050000","Coimbatore","Tamil Nadu","Executive"
"BMWC0767","BMW X5","Petrol","2023","Grey","10200000","Ahmedabad","Gujarat","Premium"
"BMWC0768","BMW i4","Electric","2025","Silver","7450000","Gurugram","Haryana","Business"
"BMWC0769","BMW X1","Diesel","2022","White","5250000","Gurugram","Haryana","Luxury"
"BMWC0770","BMW iX","Electric","2023","Silver","14000000","Bengaluru","Karnataka","Executive"
"BMWC0771","BMW i4","Electric","2022","Red","7600000","Kolkata","West Bengal","Executive"
"BMWC0772","BMW 7 Series","Petrol","2024","Silver","17600000","Chennai","Tamil Nadu","Premium"
"BMWC0773","BMW X1","Petrol","2022","Black","5700000","Kochi","Kerala","Premium"
"BMWC0774","BMW 3 Series","Diesel","2026","Grey","6050000","Bengaluru","Karnataka","Executive"
"BMWC0775","BMW i7","Electric","2022","Blue","21150000","Noida","Uttar Pradesh","Luxury"
"BMWC0776","BMW 3 Series","Petrol","2026","Black","6450000","Coimbatore","Tamil Nadu","Premium"
"BMWC0777","BMW X1","Diesel","2026","Blue","5600000","Coimbatore","Tamil Nadu","Business"
"BMWC0778","BMW i5","Electric","2024","Red","12400000","Kochi","Kerala","Premium"
"BMWC0779","BMW X1","Diesel","2022","Black","5850000","Coimbatore","Tamil Nadu","Luxury"
"BMWC0780","BMW 2 Series Gran Coupe","Petrol","2023","Blue","5050000","Noida","Uttar Pradesh","Luxury"
"BMWC0781","BMW iX1","Electric","2024","Black","6850000","Mumbai","Maharashtra","Luxury"
"BMWC0782","BMW i5","Electric","2025","Grey","12050000","Chandigarh","Chandigarh","Premium"
"BMWC0783","BMW X7","Diesel","2022","Silver","14750000","Delhi","Delhi","Business"
"BMWC0784","BMW X1","Diesel","2025","Silver","5600000","Bengaluru","Karnataka","Business"
"BMWC0785","BMW 3 Series","Petrol","2022","Silver","5950000","Kochi","Kerala","Luxury"
"BMWC0786","BMW i4","Electric","2022","Red","7350000","Gurugram","Haryana","Executive"
"BMWC0787","BMW i7","Electric","2024","White","21950000","Bengaluru","Karnataka","Business"
"BMWC0788","BMW 5 Series","Petrol","2023","Silver","7700000","Kochi","Kerala","Premium"
"BMWC0789","BMW X7","Petrol","2022","White","13050000","Noida","Uttar Pradesh","Premium"
"BMWC0790","BMW X1","Diesel","2026","Blue","5550000","Noida","Uttar Pradesh","Business"
"BMWC0791","BMW 3 Series","Diesel","2025","Blue","6600000","Kochi","Kerala","Luxury"
"BMWC0792","BMW i4","Electric","2026","Grey","7250000","Delhi","Delhi","Executive"
"BMWC0793","BMW X3","Diesel","2023","Black","7450000","Ahmedabad","Gujarat","Executive"
"BMWC0794","BMW X1","Petrol","2024","Red","5200000","Chennai","Tamil Nadu","Business"
"BMWC0795","BMW X1","Petrol","2022","Black","5700000","Jaipur","Rajasthan","Premium"
"BMWC0796","BMW 2 Series Gran Coupe","Diesel","2023","White","5100000","Mumbai","Maharashtra","Premium"
"BMWC0797","BMW X1","Petrol","2023","Blue","5350000","Chennai","Tamil Nadu","Executive"
"BMWC0798","BMW 5 Series","Diesel","2026","White","8100000","Kochi","Kerala","Premium"
"BMWC0799","BMW X1","Diesel","2024","Grey","5650000","Kolkata","West Bengal","Business"
"BMWC0800","BMW X5","Diesel","2025","White","9750000","Noida","Uttar Pradesh","Executive"
"BMWC0801","BMW 2 Series Gran Coupe","Diesel","2025","Black","4300000","Mumbai","Maharashtra","Premium"
"BMWC0802","BMW X3","Petrol","2025","Red","7750000","Chandigarh","Chandigarh","Luxury"
"BMWC0803","BMW iX1","Electric","2022","Grey","6750000","Kolkata","West Bengal","Premium"
"BMWC0804","BMW 2 Series Gran Coupe","Petrol","2024","Grey","4450000","Ahmedabad","Gujarat","Executive"
"BMWC0805","BMW X5","Diesel","2025","White","10500000","Mumbai","Maharashtra","Luxury"
"BMWC0806","BMW 5 Series","Petrol","2023","Grey","7650000","Noida","Uttar Pradesh","Premium"
"BMWC0807","BMW X7","Diesel","2022","Black","13050000","Chandigarh","Chandigarh","Executive"
"BMWC0808","BMW 5 Series","Diesel","2023","Grey","7200000","Coimbatore","Tamil Nadu","Luxury"
"BMWC0809","BMW X3","Diesel","2026","Red","7200000","Noida","Uttar Pradesh","Business"
"BMWC0810","BMW i4","Electric","2024","Blue","7800000","Ahmedabad","Gujarat","Premium"
"BMWC0811","BMW 2 Series Gran Coupe","Petrol","2025","Black","4450000","Pune","Maharashtra","Business"
"BMWC0812","BMW iX","Electric","2025","Silver","14400000","Bengaluru","Karnataka","Executive"
"BMWC0813","BMW 3 Series","Diesel","2025","White","6500000","Gurugram","Haryana","Luxury"
"BMWC0814","BMW X5","Petrol","2021","Silver","10000000","Bengaluru","Karnataka","Luxury"
"BMWC0815","BMW i5","Electric","2024","Black","12350000","Pune","Maharashtra","Business"
"BMWC0816","BMW 3 Series","Petrol","2023","White","5750000","Mumbai","Maharashtra","Business"
"BMWC0817","BMW i7","Electric","2022","Grey","20200000","Bengaluru","Karnataka","Premium"
"BMWC0818","BMW i4","Electric","2022","White","7200000","Hyderabad","Telangana","Executive"
"BMWC0819","BMW iX","Electric","2022","Grey","14900000","Pune","Maharashtra","Business"
"BMWC0820","BMW 5 Series","Diesel","2022","White","7250000","Coimbatore","Tamil Nadu","Premium"
"BMWC0821","BMW iX","Electric","2024","Grey","14000000","Kolkata","West Bengal","Luxury"
"BMWC0822","BMW 3 Series","Diesel","2024","Black","6150000","Bengaluru","Karnataka","Premium"
"BMWC0823","BMW iX","Electric","2026","Blue","14050000","Chandigarh","Chandigarh","Luxury"
"BMWC0824","BMW i4","Electric","2022","White","7700000","Noida","Uttar Pradesh","Executive"
"BMWC0825","BMW X3","Diesel","2023","Grey","7800000","Chandigarh","Chandigarh","Premium"
"BMWC0826","BMW 7 Series","Petrol","2023","Black","18450000","Chandigarh","Chandigarh","Business"
"BMWC0827","BMW i5","Electric","2024","Blue","12000000","Bengaluru","Karnataka","Premium"
"BMWC0828","BMW X5","Diesel","2023","Black","10350000","Noida","Uttar Pradesh","Executive"
"BMWC0829","BMW X1","Petrol","2023","Silver","5650000","Jaipur","Rajasthan","Executive"
"BMWC0830","BMW iX1","Electric","2026","White","6900000","Gurugram","Haryana","Executive"
"BMWC0831","BMW 3 Series","Petrol","2023","Red","6100000","Jaipur","Rajasthan","Executive"
"BMWC0832","BMW i4","Electric","2023","Red","7550000","Chandigarh","Chandigarh","Premium"
"BMWC0833","BMW i4","Electric","2025","Grey","7450000","Hyderabad","Telangana","Luxury"
"BMWC0834","BMW 5 Series","Petrol","2025","Red","7250000","Pune","Maharashtra","Executive"
"BMWC0835","BMW X1","Petrol","2025","Silver","5050000","Kochi","Kerala","Luxury"
"BMWC0836","BMW X3","Diesel","2024","Blue","7100000","Chandigarh","Chandigarh","Executive"
"BMWC0837","BMW X7","Diesel","2021","Silver","14150000","Ahmedabad","Gujarat","Executive"
"BMWC0838","BMW 7 Series","Petrol","2022","Silver","17950000","Chandigarh","Chandigarh","Premium"
"BMWC0839","BMW iX1","Electric","2025","White","6900000","Ahmedabad","Gujarat","Executive"
"BMWC0840","BMW 7 Series","Petrol","2025","Silver","18250000","Delhi","Delhi","Business"
"BMWC0841","BMW i4","Electric","2023","Red","7650000","Noida","Uttar Pradesh","Executive"
"BMWC0842","BMW iX","Electric","2022","White","14100000","Delhi","Delhi","Luxury"
"BMWC0843","BMW 3 Series","Diesel","2025","Black","6350000","Hyderabad","Telangana","Business"
"BMWC0844","BMW X5","Diesel","2025","Silver","11450000","Mumbai","Maharashtra","Premium"
"BMWC0845","BMW 3 Series","Diesel","2025","Red","6300000","Noida","Uttar Pradesh","Premium"
"BMWC0846","BMW i4","Electric","2024","White","7500000","Kochi","Kerala","Executive"
"BMWC0847","BMW 2 Series Gran Coupe","Diesel","2024","Grey","4800000","Hyderabad","Telangana","Executive"
"BMWC0848","BMW 3 Series","Diesel","2021","Silver","6050000","Hyderabad","Telangana","Executive"
"BMWC0849","BMW 5 Series","Petrol","2023","White","8400000","Pune","Maharashtra","Premium"
"BMWC0850","BMW X3","Petrol","2024","Grey","8150000","Hyderabad","Telangana","Executive"
"BMWC0851","BMW 3 Series","Petrol","2022","Silver","6150000","Hyderabad","Telangana","Business"
"BMWC0852","BMW i5","Electric","2023","Silver","12000000","Coimbatore","Tamil Nadu","Premium"
"BMWC0853","BMW 7 Series","Petrol","2023","Blue","18100000","Ahmedabad","Gujarat","Premium"
"BMWC0854","BMW iX1","Electric","2022","Silver","6850000","Chennai","Tamil Nadu","Luxury"
"BMWC0855","BMW i5","Electric","2025","Silver","12100000","Noida","Uttar Pradesh","Business"
"BMWC0856","BMW X1","Petrol","2026","White","5450000","Pune","Maharashtra","Premium"
"BMWC0857","BMW X3","Diesel","2026","Silver","7750000","Coimbatore","Tamil Nadu","Premium"
"BMWC0858","BMW iX1","Electric","2023","Blue","6850000","Hyderabad","Telangana","Luxury"
"BMWC0859","BMW X3","Petrol","2024","Silver","7350000","Hyderabad","Telangana","Premium"
"BMWC0860","BMW i7","Electric","2022","White","21050000","Jaipur","Rajasthan","Luxury"
"BMWC0861","BMW 5 Series","Diesel","2023","Black","7650000","Chandigarh","Chandigarh","Premium"
"BMWC0862","BMW iX1","Electric","2022","Black","6750000","Jaipur","Rajasthan","Premium"
"BMWC0863","BMW iX","Electric","2022","Black","14400000","Kochi","Kerala","Luxury"
"BMWC0864","BMW 3 Series","Diesel","2023","White","6850000","Pune","Maharashtra","Business"
"BMWC0865","BMW X5","Diesel","2023","Black","11000000","Gurugram","Haryana","Business"
"BMWC0866","BMW X3","Petrol","2025","Red","7000000","Noida","Uttar Pradesh","Luxury"
"BMWC0867","BMW iX","Electric","2022","Silver","14300000","Bengaluru","Karnataka","Business"
"BMWC0868","BMW X1","Diesel","2022","Red","5050000","Hyderabad","Telangana","Business"
"BMWC0869","BMW iX1","Electric","2023","Black","6800000","Delhi","Delhi","Premium"
"BMWC0870","BMW X5","Petrol","2021","Grey","11350000","Jaipur","Rajasthan","Business"
"BMWC0871","BMW 5 Series","Diesel","2022","Silver","7350000","Gurugram","Haryana","Executive"
"BMWC0872","BMW i4","Electric","2024","Grey","7700000","Mumbai","Maharashtra","Executive"
"BMWC0873","BMW i7","Electric","2026","Blue","21500000","Mumbai","Maharashtra","Premium"
"BMWC0874","BMW iX1","Electric","2022","Blue","6900000","Delhi","Delhi","Executive"
"BMWC0875","BMW X1","Diesel","2024","White","5600000","Ahmedabad","Gujarat","Luxury"
"BMWC0876","BMW X1","Petrol","2022","Silver","5200000","Hyderabad","Telangana","Business"
"BMWC0877","BMW 7 Series","Petrol","2023","Blue","17750000","Chennai","Tamil Nadu","Luxury"
"BMWC0878","BMW iX1","Electric","2024","Grey","6800000","Gurugram","Haryana","Executive"
"BMWC0879","BMW iX1","Electric","2025","Grey","7000000","Kolkata","West Bengal","Executive"
"BMWC0880","BMW i5","Electric","2024","Red","12250000","Kolkata","West Bengal","Luxury"
"BMWC0881","BMW X5","Diesel","2023","Blue","11100000","Mumbai","Maharashtra","Premium"
"BMWC0882","BMW i4","Electric","2023","Silver","7700000","Chennai","Tamil Nadu","Business"
"BMWC0883","BMW i4","Electric","2024","Red","7750000","Noida","Uttar Pradesh","Luxury"
"BMWC0884","BMW 5 Series","Petrol","2022","White","7900000","Gurugram","Haryana","Executive"
"BMWC0885","BMW i7","Electric","2024","Black","20000000","Ahmedabad","Gujarat","Luxury"
"BMWC0886","BMW i7","Electric","2024","Blue","20100000","Bengaluru","Karnataka","Executive"
"BMWC0887","BMW 3 Series","Diesel","2025","Blue","5700000","Noida","Uttar Pradesh","Premium"
"BMWC0888","BMW 7 Series","Petrol","2025","Red","18250000","Noida","Uttar Pradesh","Premium"
"BMWC0889","BMW X5","Diesel","2022","Blue","11500000","Mumbai","Maharashtra","Business"
"BMWC0890","BMW X1","Petrol","2025","Black","5550000","Noida","Uttar Pradesh","Luxury"
"BMWC0891","BMW i7","Electric","2026","Black","20900000","Delhi","Delhi","Luxury"
"BMWC0892","BMW X7","Diesel","2024","Grey","15000000","Chennai","Tamil Nadu","Premium"
"BMWC0893","BMW i5","Electric","2021","Blue","12300000","Chandigarh","Chandigarh","Luxury"
"BMWC0894","BMW iX","Electric","2024","Blue","14900000","Noida","Uttar Pradesh","Executive"
"BMWC0895","BMW X7","Diesel","2023","Silver","14600000","Hyderabad","Telangana","Luxury"
"BMWC0896","BMW X1","Petrol","2022","Grey","5500000","Ahmedabad","Gujarat","Business"
"BMWC0897","BMW 2 Series Gran Coupe","Petrol","2023","White","4750000","Pune","Maharashtra","Business"
"BMWC0898","BMW 5 Series","Diesel","2025","Red","8250000","Bengaluru","Karnataka","Business"
"BMWC0899","BMW 5 Series","Diesel","2024","Grey","8400000","Jaipur","Rajasthan","Business"
"BMWC0900","BMW i5","Electric","2022","Grey","12150000","Pune","Maharashtra","Luxury"
"BMWC0901","BMW 5 Series","Diesel","2023","Blue","7650000","Pune","Maharashtra","Business"
"BMWC0902","BMW 2 Series Gran Coupe","Diesel","2022","Red","4900000","Gurugram","Haryana","Business"
"BMWC0903","BMW iX","Electric","2022","Grey","14900000","Mumbai","Maharashtra","Business"
"BMWC0904","BMW X1","Petrol","2023","Grey","5550000","Ahmedabad","Gujarat","Premium"
"BMWC0905","BMW 5 Series","Petrol","2025","Black","7600000","Delhi","Delhi","Premium"
"BMWC0906","BMW 3 Series","Diesel","2022","Silver","6550000","Noida","Uttar Pradesh","Executive"
"BMWC0907","BMW X3","Diesel","2023","Red","7450000","Chennai","Tamil Nadu","Luxury"
"BMWC0908","BMW 3 Series","Petrol","2024","White","6350000","Mumbai","Maharashtra","Premium"
"BMWC0909","BMW X3","Diesel","2025","Blue","8150000","Chennai","Tamil Nadu","Business"
"BMWC0910","BMW 2 Series Gran Coupe","Petrol","2026","Blue","4400000","Coimbatore","Tamil Nadu","Premium"
"BMWC0911","BMW X3","Diesel","2023","Grey","8150000","Pune","Maharashtra","Executive"
"BMWC0912","BMW X1","Petrol","2022","Black","5650000","Gurugram","Haryana","Premium"
"BMWC0913","BMW i7","Electric","2025","Blue","20900000","Pune","Maharashtra","Premium"
"BMWC0914","BMW X3","Diesel","2026","Red","7700000","Delhi","Delhi","Business"
"BMWC0915","BMW 2 Series Gran Coupe","Petrol","2025","Grey","4850000","Kochi","Kerala","Luxury"
"BMWC0916","BMW i4","Electric","2025","Red","7500000","Ahmedabad","Gujarat","Business"
"BMWC0917","BMW iX1","Electric","2022","Red","6700000","Gurugram","Haryana","Business"
"BMWC0918","BMW X3","Petrol","2022","Silver","7500000","Gurugram","Haryana","Business"
"BMWC0919","BMW X7","Diesel","2022","Red","13550000","Hyderabad","Telangana","Premium"
"BMWC0920","BMW X5","Diesel","2023","Silver","9750000","Gurugram","Haryana","Executive"
"BMWC0921","BMW i4","Electric","2025","Silver","7550000","Mumbai","Maharashtra","Business"
"BMWC0922","BMW X3","Petrol","2024","Grey","7300000","Mumbai","Maharashtra","Business"
"BMWC0923","BMW 7 Series","Petrol","2024","White","17850000","Noida","Uttar Pradesh","Premium"
"BMWC0924","BMW 2 Series Gran Coupe","Petrol","2024","Black","5100000","Kochi","Kerala","Business"
"BMWC0925","BMW i7","Electric","2026","Black","20100000","Hyderabad","Telangana","Executive"
"BMWC0926","BMW iX","Electric","2024","Black","14650000","Coimbatore","Tamil Nadu","Premium"
"BMWC0927","BMW X7","Diesel","2026","Silver","13800000","Jaipur","Rajasthan","Premium"
"BMWC0928","BMW iX","Electric","2023","Red","14000000","Mumbai","Maharashtra","Executive"
"BMWC0929","BMW X7","Diesel","2022","White","13400000","Kochi","Kerala","Premium"
"BMWC0930","BMW X1","Diesel","2025","Silver","5800000","Coimbatore","Tamil Nadu","Executive"
"BMWC0931","BMW X5","Diesel","2024","White","11200000","Kochi","Kerala","Luxury"
"BMWC0932","BMW 5 Series","Diesel","2024","Red","7500000","Ahmedabad","Gujarat","Luxury"
"BMWC0933","BMW X3","Petrol","2021","Black","7500000","Gurugram","Haryana","Luxury"
"BMWC0934","BMW 7 Series","Petrol","2025","Silver","18250000","Jaipur","Rajasthan","Luxury"
"BMWC0935","BMW i7","Electric","2023","Black","20150000","Mumbai","Maharashtra","Premium"
"BMWC0936","BMW 7 Series","Petrol","2022","Silver","19000000","Bengaluru","Karnataka","Business"
"BMWC0937","BMW 3 Series","Diesel","2023","Blue","6500000","Jaipur","Rajasthan","Luxury"
"BMWC0938","BMW X3","Diesel","2025","Silver","7450000","Kolkata","West Bengal","Business"
"BMWC0939","BMW 3 Series","Petrol","2023","Black","6400000","Noida","Uttar Pradesh","Luxury"
"BMWC0940","BMW 7 Series","Petrol","2023","Silver","18450000","Jaipur","Rajasthan","Luxury"
"BMWC0941","BMW X3","Petrol","2026","Red","7250000","Pune","Maharashtra","Executive"
"BMWC0942","BMW 7 Series","Petrol","2024","Blue","17950000","Noida","Uttar Pradesh","Business"
"BMWC0943","BMW iX","Electric","2021","Black","14650000","Chennai","Tamil Nadu","Executive"
"BMWC0944","BMW X1","Diesel","2024","Silver","5600000","Chennai","Tamil Nadu","Premium"
"BMWC0945","BMW 3 Series","Petrol","2026","White","6350000","Mumbai","Maharashtra","Business"
"BMWC0946","BMW 2 Series Gran Coupe","Petrol","2023","Blue","4700000","Chennai","Tamil Nadu","Luxury"
"BMWC0947","BMW i4","Electric","2025","Silver","7250000","Ahmedabad","Gujarat","Premium"
"BMWC0948","BMW 5 Series","Petrol","2024","White","8350000","Chandigarh","Chandigarh","Luxury"
"BMWC0949","BMW X7","Diesel","2025","Grey","13800000","Delhi","Delhi","Premium"
"BMWC0950","BMW iX1","Electric","2021","Grey","6900000","Kolkata","West Bengal","Executive"
"BMWC0951","BMW i5","Electric","2025","Silver","12050000","Coimbatore","Tamil Nadu","Luxury"
"BMWC0952","BMW iX","Electric","2024","White","14400000","Jaipur","Rajasthan","Business"
"BMWC0953","BMW 2 Series Gran Coupe","Diesel","2022","Silver","4900000","Ahmedabad","Gujarat","Business"
"BMWC0954","BMW i5","Electric","2023","Black","12450000","Jaipur","Rajasthan","Executive"
"BMWC0955","BMW 3 Series","Diesel","2023","White","6650000","Chandigarh","Chandigarh","Luxury"
"BMWC0956","BMW X7","Petrol","2022","Grey","14400000","Chandigarh","Chandigarh","Luxury"
"BMWC0957","BMW iX1","Electric","2022","Silver","6850000","Mumbai","Maharashtra","Executive"
"BMWC0958","BMW iX1","Electric","2022","Grey","6850000","Noida","Uttar Pradesh","Premium"
"BMWC0959","BMW i5","Electric","2023","Silver","12500000","Noida","Uttar Pradesh","Business"
"BMWC0960","BMW iX","Electric","2026","White","14300000","Chennai","Tamil Nadu","Luxury"
"BMWC0961","BMW i7","Electric","2026","Silver","20500000","Delhi","Delhi","Premium"
"BMWC0962","BMW X3","Petrol","2026","White","7200000","Noida","Uttar Pradesh","Premium"
"BMWC0963","BMW X3","Petrol","2021","White","7150000","Bengaluru","Karnataka","Business"
"BMWC0964","BMW X7","Diesel","2025","Red","14700000","Mumbai","Maharashtra","Luxury"
"BMWC0965","BMW iX1","Electric","2023","Black","6950000","Jaipur","Rajasthan","Executive"
"BMWC0966","BMW 5 Series","Diesel","2023","Blue","8250000","Delhi","Delhi","Luxury"
"BMWC0967","BMW i4","Electric","2025","White","7200000","Coimbatore","Tamil Nadu","Premium"
"BMWC0968","BMW i4","Electric","2023","Grey","7700000","Noida","Uttar Pradesh","Executive"
"BMWC0969","BMW i5","Electric","2023","Silver","12250000","Delhi","Delhi","Executive"
"BMWC0970","BMW X5","Petrol","2022","Blue","10400000","Kolkata","West Bengal","Business"
"BMWC0971","BMW iX1","Electric","2023","Red","6850000","Chandigarh","Chandigarh","Luxury"
"BMWC0972","BMW i4","Electric","2024","Red","7600000","Jaipur","Rajasthan","Luxury"
"BMWC0973","BMW iX","Electric","2024","Grey","14300000","Kolkata","West Bengal","Executive"
"BMWC0974","BMW 5 Series","Diesel","2022","Black","8300000","Chennai","Tamil Nadu","Luxury"
"BMWC0975","BMW 5 Series","Diesel","2026","White","8450000","Chandigarh","Chandigarh","Premium"
"BMWC0976","BMW 7 Series","Petrol","2022","Black","19350000","Mumbai","Maharashtra","Executive"
"BMWC0977","BMW iX1","Electric","2025","Grey","6850000","Jaipur","Rajasthan","Executive"
"BMWC0978","BMW X1","Petrol","2022","Blue","5700000","Gurugram","Haryana","Premium"
"BMWC0979","BMW 3 Series","Diesel","2024","Red","6900000","Pune","Maharashtra","Executive"
"BMWC0980","BMW X5","Diesel","2022","Grey","10000000","Delhi","Delhi","Business"
"BMWC0981","BMW iX1","Electric","2025","Silver","6850000","Ahmedabad","Gujarat","Luxury"
"BMWC0982","BMW X3","Diesel","2026","Silver","8150000","Chandigarh","Chandigarh","Business"
"BMWC0983","BMW i5","Electric","2023","Blue","12000000","Pune","Maharashtra","Executive"
"BMWC0984","BMW X3","Petrol","2026","White","7050000","Hyderabad","Telangana","Business"
"BMWC0985","BMW iX","Electric","2024","Blue","14100000","Jaipur","Rajasthan","Premium"
"BMWC0986","BMW i5","Electric","2024","Blue","12500000","Delhi","Delhi","Executive"
"BMWC0987","BMW iX","Electric","2022","Silver","14150000","Mumbai","Maharashtra","Premium"
"BMWC0988","BMW 7 Series","Petrol","2025","White","18750000","Bengaluru","Karnataka","Executive"
"BMWC0989","BMW i4","Electric","2023","White","7200000","Delhi","Delhi","Luxury"
"BMWC0990","BMW X7","Petrol","2023","Silver","13750000","Mumbai","Maharashtra","Luxury"
"BMWC0991","BMW iX1","Electric","2024","Blue","6950000","Kochi","Kerala","Executive"
"BMWC0992","BMW iX1","Electric","2022","Red","6800000","Bengaluru","Karnataka","Executive"
"BMWC0993","BMW 3 Series","Petrol","2026","Grey","6700000","Coimbatore","Tamil Nadu","Business"
"BMWC0994","BMW 3 Series","Petrol","2023","Red","6450000","Chennai","Tamil Nadu","Executive"
"BMWC0995","BMW i4","Electric","2025","Red","7650000","Coimbatore","Tamil Nadu","Executive"
"BMWC0996","BMW X3","Petrol","2024","Black","7200000","Ahmedabad","Gujarat","Premium"
"BMWC0997","BMW iX","Electric","2023","White","14650000","Ahmedabad","Gujarat","Business"
"BMWC0998","BMW i7","Electric","2022","White","21250000","Delhi","Delhi","Executive"
"BMWC0999","BMW 5 Series","Diesel","2022","Blue","7450000","Hyderabad","Telangana","Executive"
"BMWC1000","BMW 2 Series Gran Coupe","Petrol","2025","Blue","4850000","Kolkata","West Bengal","Executive"
