sale_id,model,dealer_city,sale_date,sale_price_inr,customer_type
SALE0001,BMW_X1,Delhi,2025-04-18,4924526,Corporate
SALE0002,BMW_X3,Mumbai,2025-05-02,7106362,Fleet
SALE0003,BMW_X3,Hyderabad,2025-01-04,6894093,Fleet
SALE0004,BMW_i5,Bengaluru,2025-07-23,7811781,Individual
SALE0005,BMW_320i,Kolkata,2025-07-09,4552536,Fleet
SALE0006,BMW_iX,Ahmedabad,2025-03-26,11096160,Fleet
SALE0007,BMW_330e,Hyderabad,2025-08-29,6653745,Individual
SALE0008,BMW_X1,Pune,2025-01-23,5182432,Individual
SALE0009,BMW_iX,Hyderabad,2025-07-06,11339852,Corporate
SALE0010,BMW_iX,Chennai,2025-06-20,11320666,Corporate
SALE0011,BMW_X3,Bengaluru,2025-02-20,6141483,Fleet
SALE0012,BMW_330e,Kolkata,2025-05-02,6106437,Individual
SALE0013,BMW_i4,Kolkata,2025-08-16,7783583,Corporate
SALE0014,BMW_i4,Kolkata,2025-05-09,7820139,Corporate
SALE0015,BMW_iX,Pune,2025-01-07,11772441,Individual
SALE0016,BMW_iX,Bengaluru,2025-01-18,11036233,Fleet
SALE0017,BMW_i4,Pune,2025-06-09,7355886,Individual
SALE0018,BMW_X1,Hyderabad,2025-08-02,5090995,Corporate
SALE0019,BMW_X5,Pune,2025-02-13,9487699,Individual
SALE0020,BMW_i5,Chennai,2025-06-24,8222033,Fleet
SALE0021,BMW_X3,Chennai,2025-02-11,6491956,Corporate
SALE0022,BMW_iX,Bengaluru,2025-06-20,12001767,Individual
SALE0023,BMW_X1,Kolkata,2025-04-23,5039354,Fleet
SALE0024,BMW_iX,Chennai,2025-03-15,11140976,Corporate
SALE0025,BMW_X5,Mumbai,2025-03-05,9153807,Corporate
SALE0026,BMW_330e,Mumbai,2025-06-15,6884142,Individual
SALE0027,BMW_iX,Ahmedabad,2025-02-05,11125573,Individual
SALE0028,BMW_X3,Mumbai,2025-04-04,7011168,Corporate
SALE0029,BMW_i5,Ahmedabad,2025-08-20,8369137,Corporate
SALE0030,BMW_X1,Mumbai,2025-03-12,5017413,Fleet
SALE0031,BMW_320i,Chennai,2025-02-02,4512440,Corporate
SALE0032,BMW_i4,Kolkata,2025-08-07,7457797,Corporate
SALE0033,BMW_i5,Mumbai,2025-07-27,8727797,Individual
SALE0034,BMW_X1,Mumbai,2025-01-25,4666520,Individual
SALE0035,BMW_iX,Pune,2025-01-19,12538941,Fleet
SALE0036,BMW_X5,Hyderabad,2025-05-18,9299018,Corporate
SALE0037,BMW_iX,Mumbai,2025-06-09,12734255,Individual
SALE0038,BMW_X1,Chennai,2025-02-21,5275423,Fleet
SALE0039,BMW_320i,Kolkata,2025-01-03,4812927,Corporate
SALE0040,BMW_330e,Mumbai,2025-05-26,6392871,Fleet
SALE0041,BMW_X3,Hyderabad,2025-06-28,6329464,Fleet
SALE0042,BMW_320i,Delhi,2025-02-09,4411148,Fleet
SALE0043,BMW_X5,Ahmedabad,2025-07-25,10392574,Fleet
SALE0044,BMW_330e,Hyderabad,2025-01-16,6546228,Fleet
SALE0045,BMW_X5,Bengaluru,2025-06-09,9560257,Individual
SALE0046,BMW_i4,Pune,2025-04-01,7846195,Corporate
SALE0047,BMW_i5,Pune,2025-01-20,7863251,Fleet
SALE0048,BMW_iX,Ahmedabad,2025-01-06,11999675,Corporate
SALE0049,BMW_i5,Bengaluru,2025-01-19,8894292,Individual
SALE0050,BMW_320i,Bengaluru,2025-01-11,4717838,Corporate
SALE0051,BMW_i5,Bengaluru,2025-04-27,8690375,Corporate
SALE0052,BMW_i5,Pune,2025-02-28,8158434,Individual
SALE0053,BMW_iX,Bengaluru,2025-04-06,11362391,Corporate
SALE0054,BMW_X5,Ahmedabad,2025-08-23,9486973,Corporate
SALE0055,BMW_X5,Chennai,2025-07-31,10071517,Individual
SALE0056,BMW_i4,Kolkata,2025-08-13,6942455,Fleet
SALE0057,BMW_X1,Pune,2025-02-14,4663213,Fleet
SALE0058,BMW_X5,Ahmedabad,2025-04-07,10079836,Individual
SALE0059,BMW_X1,Hyderabad,2025-02-22,5152834,Corporate
SALE0060,BMW_X3,Hyderabad,2025-01-08,6337861,Fleet
SALE0061,BMW_X5,Bengaluru,2025-02-09,10594098,Individual
SALE0062,BMW_X5,Kolkata,2025-02-10,10232097,Corporate
SALE0063,BMW_i5,Delhi,2025-06-07,8305269,Fleet
SALE0064,BMW_X1,Delhi,2025-06-09,5123866,Individual
SALE0065,BMW_X3,Chennai,2025-02-25,7091024,Corporate
SALE0066,BMW_i4,Chennai,2025-05-09,6728947,Corporate
SALE0067,BMW_iX,Chennai,2025-03-03,12374462,Fleet
SALE0068,BMW_X1,Bengaluru,2025-03-21,4666264,Corporate
SALE0069,BMW_i4,Mumbai,2025-04-05,7750091,Individual
SALE0070,BMW_i5,Delhi,2025-01-13,8429487,Individual
SALE0071,BMW_i5,Bengaluru,2025-05-22,8259748,Individual
SALE0072,BMW_iX,Pune,2025-01-05,12725814,Individual
SALE0073,BMW_i5,Bengaluru,2025-07-11,8926526,Individual
SALE0074,BMW_320i,Ahmedabad,2025-05-15,4597054,Corporate
SALE0075,BMW_i4,Hyderabad,2025-02-09,6884917,Corporate
SALE0076,BMW_X5,Pune,2025-01-03,10111492,Fleet
SALE0077,BMW_330e,Bengaluru,2025-01-26,6172851,Corporate
SALE0078,BMW_X5,Chennai,2025-02-11,9656392,Fleet
SALE0079,BMW_iX,Kolkata,2025-07-22,11558837,Individual
SALE0080,BMW_320i,Hyderabad,2025-08-27,4307688,Fleet
SALE0081,BMW_X5,Bengaluru,2025-06-26,9745080,Fleet
SALE0082,BMW_i5,Bengaluru,2025-07-31,7823925,Individual
SALE0083,BMW_320i,Mumbai,2025-06-05,4766576,Individual
SALE0084,BMW_i4,Ahmedabad,2025-02-11,7282783,Individual
SALE0085,BMW_X5,Pune,2025-02-25,10174007,Corporate
SALE0086,BMW_i5,Hyderabad,2025-04-29,8000905,Individual
SALE0087,BMW_i4,Chennai,2025-03-09,6908997,Corporate
SALE0088,BMW_X1,Kolkata,2025-05-18,4736373,Individual
SALE0089,BMW_X3,Delhi,2025-05-23,7115155,Corporate
SALE0090,BMW_i4,Kolkata,2025-03-03,7768394,Fleet
SALE0091,BMW_X1,Hyderabad,2025-06-21,4871749,Fleet
SALE0092,BMW_X1,Kolkata,2025-08-22,5384534,Fleet
SALE0093,BMW_320i,Bengaluru,2025-07-09,4955367,Fleet
SALE0094,BMW_330e,Hyderabad,2025-05-17,6200229,Fleet
SALE0095,BMW_X5,Kolkata,2025-03-03,9293194,Fleet
SALE0096,BMW_iX,Bengaluru,2025-07-12,12509652,Fleet
SALE0097,BMW_X3,Kolkata,2025-04-21,6329512,Individual
SALE0098,BMW_iX,Ahmedabad,2025-01-11,11946262,Individual
SALE0099,BMW_320i,Ahmedabad,2025-03-28,4811786,Corporate
SALE0100,BMW_X1,Kolkata,2025-02-10,5174298,Individual
